m:Label	m:Query	m:Urlno	F_BASIC_WEI	F_CLICK_BASIC_WEI	F_TERM_URL_DWELL	F_SATCLICK_BASIC_WEI	F_DWELLING_BASIC_WEI	F_QUALITY_WEI	F_LINK_WEI	F_IS_ENG	F_CLICK_NEED	F_IS_ANTISPAM_PUNISH	F_PAGERANK	F_IS_OTHER	F_VALIDITY_WEI	F_IS_SITE_RESULT	F_NEWQUALITY	F_SITE_DIR_URL	F_IS_BAIKE_PAGE	F_IS_ZHIDAO_PAGE	F_IS_WENKU_PAGE	F_IS_WENWEN_PAGE	F_DICT_VIDEO_SITE	F_DICT_SOBAR_PV	F_SOBAR_PV	F_IMAGE_NUM_MAIN	F_IMAGE_NUM_THUMBNAIL	F_NEWS_PAGE	F_BLOG_PAGE	F_NOVEL_PAGE	F_SUBJECT_PAGE	F_BUSINESS_PAGE	F_INDEX_PAGE	F_AUTHOR_SITE_BELIEF	F_FIELD_MATCH_WEI	F_FIELD_DANEEDS_MATCH	F_FIELDMATCH_QTAG_SPTAG_SQRT	F_FIELDMATCH_QTAGBIG_SPTAGBIG_SQRT	IS_NAV	F_QUERY_ANCHOR_MATCH_RATE	F_SORTED_INFO_SITE_TYPE	F_LOWQUALITY_BUSINESS_SITE	F_EDITOR_LEVEL	F_QUERY_URLSTRING_MATCH	F_FRESH_PAGERANK	F_OSP_DOT	F_OSP_HIT_NUM	F_OSP_HIT_RATIO	F_OSP_IS_OFFICIAL_URL	F_CM_DOC_LASTCLICK_RATE	F_CM_DOC_NAVCLICK_RATE	F_CM_DOC_CTR	F_CM_DOC_SKIP_PROB	F_CM_SATISFY_DEGREE	F_CM_CLICK_RATIO	F_CM_SATISFY_RATIO	F_CM_SKIP_RATIO	F_CM_BOTHSIDE_CLICK_RATIO	F_CM_NEXT_CLICK_RATIO	F_CM_LONG_CLICK_QU	F_CM_LONG_CLICK_Q	F_CM_CLICK_NEED_NEW	F_CM_CLICK_NEED_LOG	F_CM_CLICK_COUNT	F_CM_EXAM_COUNT	F_CM_LTR_CLICK_MODEL	F_CLICK_RANDOMWALK	F_ACC_SATISFY_RATE	F_ACC_CLICK_NEED	F_CLICK_QUERY_MATCH_RATIO	F_CLICK_QUERY_ADD_WEIGHT	F_CLICK_QUERY_COVER_ALL_COUNT	F_IS_ORIGINAL_PAGE	F_SITE_CLICKQUERY_MATCH_VALUE	F_LOC_LOC	F_REPEAT_CLICK	F_DWELLING_TIME	F_GENTIME_QU_DAY	F_GENTIME_QU_A	F_GENTIME_TIMETRUST	F_GENTIME_PAGETIME	O_AT_TERM_COUNT	O_QUERY_SEARCH	O_QUERY_CLICK	O_QUERY_SATISFY	O_OSP_IS_OFFICIAL_QUERY	O_AVG_BASICWEI	O_AVG_AUTHORWEI	F_GG_POS	F_GENTIME_URL_YEAR	m:Url
2	"......���,�ְ���ͷ��,����������ֻ��ĳ���,ŷ����ŷ����������������ĺ��	3483411	298	370819	0	475394	218011	0	0	0	0	0	0	0	0	0	3	0	0	0	0	0	0	0	0	0	0	0	0	0	0	0	0	2	0	0	0	0	0	334	0	0	3	0	0	0	0	0	0	255	255	255	255	255	255	255	255	255	255	0	0	0	0	0	0	0	10000	255	255	0	0	0	1	0	0	10000	87	-1	-1	1	437270400	30	-1	-1	-1	0	146	0	0	4	http://34809.eduol.cn/archives/2008/673968.html
0	"......���,�ְ���ͷ��,����������ֻ��ĳ���,ŷ����ŷ����������������ĺ��	3469170	252	329897	0	519386	212844	0	0	0	0	0	9	0	0	0	6	0	1	0	0	0	0	0	0	13	0	0	0	0	0	0	0	6	0	0	29	0	0	0	0	0	3	0	0	0	0	0	0	223	202	162	88	255	255	255	255	255	255	0	0	0	0	0	0	0	10000	255	255	36	0	0	0	0	0	10000	97	-1	-1	1	567216000	30	-1	-1	-1	0	146	0	0	0	http://baike.baidu.com/view/1317567.htm
0	"......���,�ְ���ͷ��,����������ֻ��ĳ���,ŷ����ŷ����������������ĺ��	2793617	232	328072	0	474844	219395	0	0	0	0	0	0	0	0	0	3	0	0	0	0	0	0	0	0	0	0	0	0	0	0	0	0	4	0	0	42	0	0	243	0	0	3	0	0	0	0	0	0	255	255	255	255	255	255	255	255	255	255	0	0	0	0	0	0	0	10000	255	255	0	0	0	0	0	0	10000	80	-1	-1	1	527904000	30	-1	-1	-1	0	146	0	0	1	http://bbs.pep.com.cn/forum.php?mod=viewthread&tid=1861644
0	"......���,�ְ���ͷ��,����������ֻ��ĳ���,ŷ����ŷ����������������ĺ��	2362722	131	293903	0	446849	200017	0	0	0	0	0	0	0	0	0	5	1	0	0	0	0	0	0	0	0	0	0	0	0	0	0	0	0	0	6669	57	0	0	172	0	0	1	0	0	0	0	0	0	255	255	255	255	255	255	255	255	255	255	0	0	0	0	0	0	0	10000	255	255	0	0	0	0	0	0	10000	80	-1	-1	0	548121600	30	-1	-1	-1	0	146	0	0	0	http://blog.163.com/fcdywsl/
1	"......���,�ְ���ͷ��,����������ֻ��ĳ���,ŷ����ŷ����������������ĺ��	2539965	325	413907	0	494562	233134	0	0	0	0	0	0	0	0	0	5	0	0	0	0	0	0	0	0	0	0	0	0	0	0	0	0	4	0	0	41	0	0	371	0	0	3	0	0	0	0	0	0	255	255	255	255	255	255	255	255	255	255	0	0	0	0	0	0	0	10000	255	255	0	0	0	0	0	0	1215	80	-1	-1	0	567907200	30	-1	-1	-1	0	146	0	0	0	http://blog.luohuedu.net/blog/View.aspx?essayID=314602&BlogID=34495
0	"......���,�ְ���ͷ��,����������ֻ��ĳ���,ŷ����ŷ����������������ĺ��	2569276	346	395723	0	476047	240061	0	0	0	0	0	0	0	0	0	5	0	0	0	0	0	0	0	0	0	0	0	0	0	0	0	0	0	0	0	44	0	0	380	0	0	1	0	0	0	0	0	0	255	255	255	255	255	255	255	255	255	255	0	0	0	0	0	0	0	10000	255	255	0	0	0	0	0	0	10000	80	-1	-1	0	495331200	30	-1	-1	-1	0	146	0	0	2	http://blog.sina.com.cn/cindy6215
0	"......���,�ְ���ͷ��,����������ֻ��ĳ���,ŷ����ŷ����������������ĺ��	3175395	350	409078	0	459572	223968	0	0	0	0	0	0	0	0	0	2	0	0	0	0	0	0	0	0	0	0	0	0	0	0	0	0	4	0	0	63	0	0	380	0	0	3	0	0	0	0	0	0	255	255	255	255	255	255	255	255	255	255	0	0	0	0	0	0	0	10000	255	255	0	0	0	1	0	0	10000	80	-1	-1	1	534124800	30	-1	-1	-1	0	146	0	0	1	http://blog.xxt.cn/showSingleArticle.action?artId=3748943
0	"......���,�ְ���ͷ��,����������ֻ��ĳ���,ŷ����ŷ����������������ĺ��	3107011	310	406084	0	459321	225684	0	0	0	0	0	0	0	0	0	3	0	0	0	0	0	0	0	0	0	0	0	0	0	0	0	0	4	0	0	25	0	0	402	0	0	3	0	0	0	0	0	0	255	255	255	255	255	255	255	255	255	255	0	0	0	0	0	0	0	10000	255	255	0	0	0	0	0	0	1069	80	-1	-1	1	567388800	30	-1	-1	-1	0	146	0	0	0	http://blog.zhyww.cn/group.asp?gid=184&pid=170237
0	"......���,�ְ���ͷ��,����������ֻ��ĳ���,ŷ����ŷ����������������ĺ��	3286216	307	412668	0	455948	227272	0	0	0	0	0	0	0	0	0	4	0	0	0	0	0	0	0	0	0	0	0	0	0	0	0	0	4	0	0	0	0	0	371	0	0	3	0	0	0	0	0	0	255	255	255	255	255	255	255	255	255	255	0	0	0	0	0	0	0	10000	255	255	0	0	0	0	0	0	1258	80	-1	-1	1	565056000	30	-1	-1	-1	0	146	0	0	0	http://edu.yuhua.gov.cn/hp/l3/201211/t20121127_504055.htm
1	"......���,�ְ���ͷ��,����������ֻ��ĳ���,ŷ����ŷ����������������ĺ��	2392972	301	407823	0	447230	233858	0	0	0	0	0	0	0	0	0	3	0	0	0	0	0	0	0	0	0	0	0	0	0	0	0	0	0	0	0	55	0	0	371	0	0	1	0	0	0	0	0	0	255	255	255	255	255	255	255	255	255	255	0	0	0	0	0	0	0	10000	255	255	0	0	0	0	0	0	10000	80	-1	-1	1	567561600	30	-1	-1	-1	0	146	0	0	0	http://hi.baidu.com/csxxjy/item/f0ebfc15cf8e99416826bbef
0	"......���,�ְ���ͷ��,����������ֻ��ĳ���,ŷ����ŷ����������������ĺ��	3005812	239	283716	0	499993	192330	0	0	0	0	0	0	0	0	0	2	0	0	0	0	0	0	0	0	0	0	0	0	0	0	0	0	4	0	0	53	0	0	221	0	0	3	0	0	0	0	0	0	255	255	255	255	255	255	255	255	255	255	0	0	0	0	0	0	0	10000	255	255	0	0	0	0	0	0	585	80	-1	-1	1	518659200	30	-1	-1	-1	0	146	0	0	1	http://new.060s.com/article/2011/06/09/388635.htm
0	"......���,�ְ���ͷ��,����������ֻ��ĳ���,ŷ����ŷ����������������ĺ��	2910733	282	351653	0	461920	217645	0	0	0	0	0	0	0	0	0	2	0	0	0	0	0	0	0	0	0	0	0	0	0	0	0	0	4	0	0	14	0	0	300	0	0	3	0	0	0	0	0	0	255	255	255	255	255	255	255	255	255	255	0	0	0	0	0	0	0	10000	255	255	0	0	0	0	0	0	1123	80	-1	-1	1	567043200	30	-1	-1	-1	0	146	0	0	0	http://q.xxt.cn/singleq/recarticledetail.action?cid=10043595&artId=3741114&id=6075919
0	"......���,�ְ���ͷ��,����������ֻ��ĳ���,ŷ����ŷ����������������ĺ��	2479525	192	313879	0	442009	209388	0	0	0	0	0	0	0	0	0	3	0	0	0	0	0	0	0	0	0	0	0	0	0	0	0	0	3	0	0	0	0	0	229	0	0	3	0	0	0	0	0	0	255	255	255	255	255	255	255	255	255	255	0	0	0	0	0	0	0	10000	255	255	0	0	0	0	0	0	10000	80	-1	-1	1	567043200	30	-1	-1	-1	0	146	0	0	0	http://uuun.5d6d.net/thread-35617-1-1.html
0	"......���,�ְ���ͷ��,����������ֻ��ĳ���,ŷ����ŷ����������������ĺ��	3029303	217	298659	0	503229	214068	0	0	0	0	0	0	0	0	0	1	0	0	0	0	1	0	0	0	0	0	0	0	0	0	0	0	5	0	0	52	0	0	232	0	0	1	0	0	0	0	0	0	255	255	255	255	255	255	255	255	255	255	0	0	0	0	0	0	0	10000	255	255	0	0	0	0	0	0	10000	80	-1	-1	0	503539200	30	-1	-1	-1	0	146	0	0	2	http://wenwen.soso.com/z/q242740162.htm
2	"......���,�ְ���ͷ��,����������ֻ��ĳ���,ŷ����ŷ����������������ĺ��	3464082	319	392407	0	477732	227228	0	0	0	0	0	0	0	0	0	4	0	0	0	0	0	0	0	0	0	0	0	0	0	0	0	0	4	0	0	37	0	0	367	0	0	3	0	0	0	0	0	0	255	255	255	255	255	255	255	255	255	255	0	0	0	0	0	0	0	10000	255	255	0	0	0	0	0	0	10000	80	-1	-1	0	470361600	30	-1	-1	-1	0	146	0	0	3	http://www.5ykj.com/Health/liu/43643.htm
0	"......���,�ְ���ͷ��,����������ֻ��ĳ���,ŷ����ŷ����������������ĺ��	2913441	291	371103	0	486392	210933	0	0	0	0	0	0	0	0	0	3	1	0	0	0	0	0	0	0	0	0	0	0	0	0	0	0	4	0	0	14	0	0	336	0	0	3	0	0	0	0	0	0	255	255	255	255	255	255	255	255	255	255	0	0	0	0	0	0	0	10000	255	255	0	0	0	0	0	0	10000	35	-1	-1	0	554083200	30	-1	-1	-1	0	146	0	0	0	http://www.968816.com/Content/321/
1	"......���,�ְ���ͷ��,����������ֻ��ĳ���,ŷ����ŷ����������������ĺ��	2417757	234	318662	0	473354	252273	0	0	0	0	0	0	0	0	0	3	0	0	0	0	0	0	0	0	0	0	0	0	0	0	0	0	5	0	0	37	0	0	236	0	0	2	0	0	0	0	0	0	255	255	255	255	255	255	255	255	255	255	0	0	0	0	0	0	0	10000	255	255	0	0	0	0	0	0	10000	80	-1	-1	1	567043200	30	-1	-1	-1	0	146	0	0	0	http://www.doc88.com/p-901961909256.html
0	"......���,�ְ���ͷ��,����������ֻ��ĳ���,ŷ����ŷ����������������ĺ��	3447072	286	406870	0	366733	218330	0	0	0	0	0	0	0	0	0	2	0	0	0	0	0	0	0	0	0	0	0	0	0	0	0	0	5	0	0	31	0	0	390	0	0	1	0	0	0	0	0	0	255	255	255	255	255	255	255	255	255	255	0	0	0	0	0	0	0	10000	255	255	0	0	0	0	0	0	10000	80	-1	-1	1	501724800	30	-1	-1	-1	0	146	0	0	2	http://www.docin.com/p-100572424.html
2	"......���,�ְ���ͷ��,����������ֻ��ĳ���,ŷ����ŷ����������������ĺ��	2778321	185	338725	0	455418	219928	0	0	0	0	0	0	0	0	0	4	0	0	0	0	0	0	0	0	0	0	0	0	0	0	0	0	4	0	0	19	0	0	260	0	0	3	0	0	0	0	0	0	255	255	255	255	255	255	255	255	255	255	0	0	0	0	0	0	0	10000	255	255	0	0	0	0	0	0	617	80	-1	-1	0	470880000	30	-1	-1	-1	0	146	0	0	3	http://www.frjy.cn/Html/Article/PeopleEdition/renshiyi/42544.html
0	"......���,�ְ���ͷ��,����������ֻ��ĳ���,ŷ����ŷ����������������ĺ��	2843805	319	395899	0	452215	213334	0	0	0	0	0	0	0	0	0	4	0	0	0	0	0	0	0	0	0	0	0	0	0	0	0	0	5	0	0	0	0	0	402	0	0	3	0	0	0	0	0	0	255	255	255	255	255	255	255	255	255	255	0	0	0	0	0	0	0	10000	255	255	0	0	0	0	0	0	10000	169	-1	-1	1	549417600	30	-1	-1	-1	0	146	0	0	0	http://www.jxteacher.com/hongling/column38870/212a422a-313d-4c9f-93ad-e34920bb4b0d.html
0	"......���,�ְ���ͷ��,����������ֻ��ĳ���,ŷ����ŷ����������������ĺ��	3418940	326	398794	0	468148	227298	0	0	0	0	0	0	0	0	0	5	0	0	0	0	0	0	0	0	0	0	0	0	0	0	0	0	4	0	0	0	0	0	369	0	0	3	0	0	0	0	0	0	255	255	255	255	255	255	255	255	255	255	0	0	0	0	0	0	0	10000	255	255	0	0	0	0	0	0	10000	80	-1	-1	1	565833600	30	-1	-1	-1	0	146	0	0	0	http://www.scjyj.gov.cn/xxgenc/InfoDetail/?InfoID=32b6ed4d-2d53-4b83-b5eb-87a44a6c4dd5&CategoryNum=004001
1	"......���,�ְ���ͷ��,����������ֻ��ĳ���,ŷ����ŷ����������������ĺ��	3223574	278	361165	0	453403	210206	0	0	0	0	0	0	0	0	0	4	0	0	0	0	0	0	0	0	0	0	0	0	0	0	0	0	4	0	0	0	0	0	334	0	0	3	0	0	0	0	0	0	255	255	255	255	255	255	255	255	255	255	0	0	0	0	0	0	0	10000	255	255	0	0	0	0	0	0	10000	80	-1	-1	1	567388800	30	-1	-1	-1	0	146	0	0	0	http://www.tatsedu.net/html/xueke/jiaoxueanli/20121224/30422.html
0	"......���,�ְ���ͷ��,����������ֻ��ĳ���,ŷ����ŷ����������������ĺ��	2698610	225	352994	0	468466	227545	0	0	0	0	0	0	0	0	0	3	0	0	0	0	0	0	0	0	0	0	0	0	0	0	0	0	5	0	0	21	0	0	260	0	0	3	0	0	0	0	0	0	255	255	255	255	255	255	255	255	255	255	0	0	0	0	0	0	0	10000	255	255	0	0	0	1	0	0	10000	80	-1	-1	1	564710400	30	-1	-1	-1	0	146	0	0	0	http://www.worlduc.com/blog2012.aspx?bid=12108706
2	"......���,�ְ���ͷ��,����������ֻ��ĳ���,ŷ����ŷ����������������ĺ��	3128619	198	353827	0	466322	221903	0	0	0	0	0	0	0	0	0	4	0	0	0	0	0	0	0	0	0	0	0	0	0	0	0	0	4	0	0	27	0	0	260	0	0	3	0	0	0	0	0	0	255	255	255	255	255	255	255	255	255	255	0	0	0	0	0	0	0	10000	255	255	0	0	0	0	0	0	10000	80	-1	-1	0	567216000	30	-1	-1	-1	0	146	0	0	0	http://www.ywkt.com/ArticleShow.asp?ArticleID=30900
0	"......���,�ְ���ͷ��,����������ֻ��ĳ���,ŷ����ŷ����������������ĺ��	3000768	339	413907	0	481264	233134	0	0	0	0	0	0	0	0	0	5	0	0	0	0	0	0	0	0	1	0	0	0	0	0	0	0	4	0	0	0	0	0	371	0	0	3	0	0	0	0	0	0	255	255	255	255	255	255	255	255	255	255	0	0	0	0	0	0	0	10000	255	255	0	0	0	0	0	0	10000	92	-1	-1	1	533606400	30	-1	-1	-1	0	146	0	0	1	http://www.zjsyxx.com/ourbj/readblog.asp?titleid=135300
0	"......���,�ְ���ͷ��,����������ֻ��ĳ���,ŷ����ŷ����������������ĺ��	3162720	294	323297	4	531409	219270	0	0	0	0	0	0	0	0	0	3	0	0	1	0	0	0	0	0	0	0	0	0	0	0	0	0	6	0	0	72	0	0	230	0	0	1	0	0	0	0	0	0	255	255	255	255	255	255	255	255	255	255	0	0	0	0	0	0	0	10000	255	255	76	0	0	0	0	0	10000	154	-1	-1	1	502502400	30	-1	-1	-1	0	146	0	0	2	http://zhidao.baidu.com/question/203174851.html
0	"......���,�ְ���ͷ��,����������ֻ��ĳ���,ŷ����ŷ����������������ĺ��	3184818	89	174614	0	534947	224303	0	0	0	0	0	0	0	0	0	3	0	0	1	0	0	0	0	0	0	0	0	0	0	0	0	0	6	0	0	72	0	0	112	0	0	1	0	0	0	0	0	0	255	255	255	255	255	255	255	255	255	255	0	0	0	0	0	0	0	10000	255	255	0	0	0	0	0	0	10000	34	-1	-1	1	534816000	30	-1	-1	-1	0	146	0	0	1	http://zhidao.baidu.com/question/354242755.html
1	"/etc/profile" e212: can't open file for writing	847160	338	365476	126	501526	234061	0	0	0	0	0	0	0	0	0	3	0	0	0	0	0	0	0	0	0	0	0	0	0	0	0	0	5	0	0	0	0	0	153	0	0	3	0	0	0	0	0	0	97	15	133	89	255	255	255	255	255	255	0	0	0	0	0	0	0	10000	45	29	4725	507	0	0	0	0	10000	45	-1	-1	1	289094400	13	-1	-1	-1	0	72	0	0	8	http://bbs.chinaunix.net/thread-2256912-1-1.html
0	"/etc/profile" e212: can't open file for writing	1341548	220	281352	155	486479	231083	0	0	0	0	0	0	0	0	0	1	0	0	0	0	0	0	0	0	0	0	0	0	0	0	0	0	5	653	0	0	0	0	152	0	0	3	0	0	0	0	0	0	111	49	127	100	255	255	255	255	255	255	0	0	0	0	0	0	0	10000	255	255	4055	319	0	0	0	0	10000	73	-1	-1	1	523324800	13	-1	-1	-1	0	72	0	0	2	http://bbs.csdn.net/topics/370101913
0	"/etc/profile" e212: can't open file for writing	1508791	181	294447	213	497130	204953	0	0	0	0	0	0	0	0	0	5	0	0	0	0	0	0	0	0	0	0	0	0	0	0	0	0	5	0	0	0	0	0	195	0	0	1	0	0	0	0	0	0	255	255	255	255	255	255	255	255	255	255	0	0	0	0	0	0	0	10000	255	255	29	0	0	0	0	0	10000	92	-1	-1	1	534816000	13	-1	-1	-1	0	72	0	0	1	http://bbs.weiphone.com/read-htm-tid-3352466-page-5.html
0	"/etc/profile" e212: can't open file for writing	112394	269	380969	70	477978	229573	0	0	0	0	0	0	0	0	0	1	1	0	0	0	0	0	0	0	0	0	0	0	0	0	0	0	0	0	0	0	0	0	151	0	0	1	0	0	0	0	0	0	255	255	255	255	255	255	255	255	255	255	0	0	0	0	0	0	0	10000	255	255	2990	225	0	1	0	0	10000	75	-1	-1	1	507168000	13	-1	-1	-1	0	72	0	0	2	http://blog.163.com/chen_dawn/blog/static/1125063201102755642486/
0	"/etc/profile" e212: can't open file for writing	2045187	215	313908	128	478133	228900	0	0	0	0	0	0	0	0	0	2	1	0	0	0	0	0	0	0	0	0	0	0	0	0	0	0	0	0	0	0	0	0	193	0	0	1	0	0	0	0	0	0	116	72	133	100	255	255	255	255	255	255	0	0	0	0	0	0	0	10000	255	255	3532	86	0	1	0	0	10000	327	-1	-1	1	576028800	13	-1	-1	-1	0	72	0	0	0	http://blog.163.com/cheng530530/blog/static/21433963201333382671/
0	"/etc/profile" e212: can't open file for writing	388584	156	263373	132	456351	212063	0	0	0	0	0	0	0	0	0	3	1	0	0	0	0	0	0	0	0	0	0	0	0	0	0	0	0	0	0	0	0	0	163	0	0	1	0	0	0	0	0	0	124	50	125	88	255	255	255	255	255	255	0	0	0	0	0	0	0	10000	255	255	2381	78	0	0	0	0	10000	202	-1	-1	1	459043200	13	-1	-1	-1	0	72	0	0	4	http://blog.163.com/jesserei/blog/static/121411689200961911422191/
2	"/etc/profile" e212: can't open file for writing	238815	355	382425	173	492162	220531	0	0	0	0	0	0	0	0	0	2	1	0	0	0	0	0	0	0	0	0	0	0	0	0	0	0	0	0	0	0	0	0	218	0	0	1	0	0	0	0	0	0	126	59	172	69	255	255	255	255	255	255	0	0	0	0	0	0	0	10000	57	39	5971	654	0	1	0	0	10000	160	-1	-1	1	564624000	13	-1	-1	-1	0	72	0	0	1	http://blog.163.com/njut_wangjian/blog/static/165796425201210229192419/
0	"/etc/profile" e212: can't open file for writing	2126774	99	268453	0	493599	191023	0	0	0	0	0	0	0	0	0	3	1	0	0	0	0	0	0	0	0	0	0	0	0	0	0	0	0	0	0	0	0	0	134	0	0	1	0	0	0	0	0	0	255	255	255	255	255	255	255	255	255	255	0	0	0	0	0	0	0	10000	255	255	0	0	0	0	0	0	10000	80	-1	-1	1	532051200	13	-1	-1	-1	0	72	0	0	2	http://blog.163.com/renyongjie668/blog/static/160053120111011112823207/
0	"/etc/profile" e212: can't open file for writing	616477	217	314788	109	476963	206956	0	0	0	0	0	0	0	0	0	2	1	0	0	0	0	0	0	0	0	0	0	0	0	0	0	0	0	0	0	0	0	0	181	0	0	1	0	0	0	0	0	0	255	255	255	255	255	255	255	255	255	255	0	0	0	0	0	0	0	10000	255	255	3808	213	0	1	0	0	10000	33	-1	-1	1	526953600	13	-1	-1	-1	0	72	0	0	2	http://blog.163.com/tongzidane/blog/static/58165892201181345715543/
0	"/etc/profile" e212: can't open file for writing	760481	175	314306	0	467399	209096	0	0	0	0	0	0	0	0	0	2	1	0	0	0	0	0	0	0	0	0	0	0	0	0	0	0	0	0	0	0	0	0	181	0	0	1	0	0	0	0	0	0	255	255	255	255	255	255	255	255	255	255	0	0	0	0	0	0	0	10000	255	255	166	1	0	0	0	0	10000	80	-1	-1	1	454550400	13	-1	-1	-1	0	72	0	0	4	http://blog.163.com/wghbeyond@126/blog/static/35166181200942811434508/
0	"/etc/profile" e212: can't open file for writing	490274	286	379738	93	495961	232129	0	0	0	0	0	0	0	0	0	1	0	0	0	0	0	0	0	0	0	0	0	0	0	0	0	0	0	549	0	0	0	0	149	0	0	2	0	0	0	0	0	0	255	255	255	255	255	255	255	255	255	255	0	0	0	0	0	0	0	10000	255	255	3707	198	0	1	0	0	10000	46	-1	-1	1	571017600	13	-1	-1	-1	0	72	0	0	0	http://blog.csdn.net/shushugood/article/details/8568983
0	"/etc/profile" e212: can't open file for writing	1507982	165	287129	0	415555	216977	0	0	1	0	0	0	0	0	0	3	0	0	0	0	0	0	0	0	0	0	0	0	0	0	0	0	3	0	0	0	0	0	202	0	0	3	0	0	0	0	0	0	255	255	255	255	255	255	255	255	255	255	0	0	0	0	0	0	0	10000	255	255	0	0	0	0	0	0	10000	80	-1	-1	0	481939200	13	-1	-1	-1	0	72	0	0	3	http://forums.freebsd.org/showthread.php?t=5860
0	"/etc/profile" e212: can't open file for writing	69366	258	315037	134	493984	184680	0	0	0	0	0	0	0	0	0	2	0	0	0	0	0	0	0	0	0	0	0	0	0	0	0	0	0	544	0	0	0	0	128	0	0	1	0	0	0	0	0	0	156	136	180	66	255	255	255	255	255	255	0	0	0	0	0	0	0	10000	255	255	2988	258	0	0	0	0	10000	221	-1	-1	1	544147200	13	-1	-1	-1	0	72	0	0	1	http://hi.baidu.com/skychongrichie/item/0c5461373d65ffe12684f475
0	"/etc/profile" e212: can't open file for writing	1191438	274	376841	98	477230	217984	0	0	0	0	0	0	0	0	0	2	0	0	0	0	0	0	0	0	0	0	0	0	0	0	0	0	4	0	0	0	0	0	138	0	0	3	0	0	0	0	0	0	255	255	255	255	255	255	255	255	255	255	0	0	0	0	0	0	0	10000	255	255	3910	107	0	0	0	0	1066	34	-1	-1	0	588124800	13	-1	-1	-1	0	72	0	0	0	http://segmentfault.com/q/1010000000267006
1	"/etc/profile" e212: can't open file for writing	1668495	233	323637	131	497253	173967	0	0	0	0	0	0	0	0	0	1	0	0	0	0	0	0	0	0	0	0	0	0	0	0	0	0	6	0	0	0	0	0	176	0	0	1	0	0	0	0	0	0	255	255	255	255	255	255	255	255	255	255	0	0	0	0	0	0	0	10000	255	255	4011	80	0	0	0	0	10000	36	-1	-1	1	550195200	13	-1	-1	-1	0	72	0	0	1	http://tieba.baidu.com/p/1633628945
0	"/etc/profile" e212: can't open file for writing	177672	141	277964	0	462731	217263	0	0	0	0	0	0	0	0	0	3	0	0	0	0	0	0	0	0	1	0	0	0	0	0	0	0	5	0	0	0	0	0	177	0	0	3	0	0	0	0	0	0	255	255	255	255	255	255	255	255	255	255	0	0	0	0	0	0	0	10000	255	255	0	0	0	0	0	0	10000	143	-1	-1	1	583200000	13	-1	-1	-1	0	72	0	0	0	http://www.3lian.com/edu/2013/06-25/76271.html
0	"/etc/profile" e212: can't open file for writing	1874438	256	283427	179	481319	216943	0	0	0	0	0	0	0	0	0	1	0	0	0	0	0	0	0	0	0	0	0	0	0	0	0	0	4	0	0	0	0	0	154	0	0	3	0	0	0	0	0	0	136	65	137	75	255	255	255	255	255	255	0	0	0	0	0	0	0	10000	255	255	3512	281	0	0	0	0	10000	271	-1	-1	1	502502400	13	-1	-1	-1	0	72	0	0	3	http://www.boobooke.com/bbs/thread-64356-1-1.html
0	"/etc/profile" e212: can't open file for writing	304004	166	256157	132	474625	219528	0	0	0	0	0	2	0	0	0	4	0	0	0	0	0	0	0	0	0	0	0	0	0	0	0	0	5	0	0	0	0	0	0	0	0	3	0	0	0	0	0	0	129	81	132	113	255	255	255	255	255	255	0	0	0	0	0	0	0	10000	255	255	3072	203	0	1	0	0	10000	186	-1	-1	1	393897600	13	-1	-1	-1	0	72	0	0	6	http://www.chinaunix.net/old_jh/15/345782.html
0	"/etc/profile" e212: can't open file for writing	1120226	289	380713	84	477268	233646	0	0	0	0	0	0	0	0	0	2	0	0	0	0	0	0	0	0	0	0	0	0	0	0	0	0	4	480	0	0	0	0	157	0	0	3	0	0	0	0	0	0	255	255	255	255	255	255	255	255	255	255	0	0	0	0	0	0	0	10000	38	26	4071	457	0	0	0	0	505	35	-1	-1	1	549590400	13	-1	-1	-1	0	72	0	0	1	http://www.linuxdiyf.com/viewarticle.php?id=188634
0	"/etc/profile" e212: can't open file for writing	1376367	292	402199	81	451801	252730	0	0	0	0	0	0	0	0	0	2	0	0	0	0	0	0	0	0	0	0	0	0	0	0	0	0	5	0	0	0	0	0	166	0	0	1	0	0	0	0	0	0	255	255	255	255	255	255	255	255	255	255	0	0	0	0	0	0	0	10000	255	255	2900	193	0	0	0	0	10000	80	-1	-1	0	662688000	13	-1	-1	-1	0	72	0	0	-1	http://www.newsmth.net/nForum/article/VIM/14577
0	"/etc/profile" e212: can't open file for writing	1788229	246	407454	106	459782	240538	0	0	0	0	0	0	0	0	0	2	0	0	0	0	0	0	0	0	0	0	0	0	0	0	0	0	3	0	0	0	0	0	256	0	0	3	0	0	0	0	0	0	255	255	255	255	255	255	255	255	255	255	0	0	0	0	0	0	0	10000	255	255	2970	1	0	0	0	0	173	87	-1	-1	1	589852800	13	-1	-1	-1	0	72	0	0	0	http://www.zgguan.com/zsfx/linux/546.html
0	"/etc/profile" e212: can't open file for writing	1075552	90	272246	77	493307	196366	0	0	0	0	0	1	1	0	0	1	0	0	1	0	0	0	0	0	0	0	0	0	0	0	0	0	6	604	0	0	0	0	0	0	0	1	0	0	0	0	0	0	102	29	86	134	255	255	255	255	255	255	0	0	0	0	0	0	0	10000	255	255	1115	36	0	0	0	0	10000	45	-1	-1	1	476323200	13	-1	-1	-1	0	72	0	0	3	http://zhidao.baidu.com/question/134686523.html
0	"/etc/profile" e212: can't open file for writing	993254	273	371832	101	515183	195365	0	0	0	0	0	0	0	0	0	0	0	0	1	0	0	0	0	0	0	0	0	0	0	0	0	0	6	604	0	0	0	0	138	0	0	1	0	0	0	0	0	0	255	255	255	255	255	255	255	255	255	255	0	0	0	0	0	0	0	10000	255	255	246	0	0	0	0	0	10000	80	-1	-1	1	492393600	13	-1	-1	-1	0	72	0	0	3	http://zhidao.baidu.com/question/173301018.html
1	"/etc/profile" e212: can't open file for writing	945436	323	430181	0	507241	235749	0	0	0	0	0	0	0	0	0	1	0	0	1	0	0	0	0	0	0	0	0	0	0	0	0	0	6	604	0	0	0	0	291	0	0	1	0	0	0	0	0	0	255	255	255	255	255	255	255	255	255	255	0	0	0	0	0	0	0	10000	255	255	0	0	0	0	0	0	10000	80	-1	-1	1	544233600	13	-1	-1	-1	0	72	0	0	1	http://zhidao.baidu.com/question/403828348
0	"/etc/profile" e212: can't open file for writing	1036875	415	421459	183	507241	249847	0	0	0	0	0	0	0	0	0	2	0	0	1	0	0	0	0	0	0	0	0	0	0	0	0	0	6	604	0	0	0	0	330	0	0	1	0	0	0	0	0	0	156	119	170	75	255	255	255	255	255	255	0	0	0	0	0	0	0	10000	78	68	5706	949	0	0	0	0	10000	219	-1	-1	1	544233600	13	-1	-1	-1	0	72	0	0	1	http://zhidao.baidu.com/question/403828348.html
1	"/etc/profile" e212: can't open file for writing	970182	230	301923	136	492267	217563	0	0	0	0	0	0	0	0	0	2	0	0	1	0	0	0	0	0	0	0	0	0	0	0	0	0	6	604	0	0	0	0	157	0	0	1	0	0	0	0	0	0	255	255	255	255	255	255	255	255	255	255	0	0	0	0	0	0	0	10000	255	255	4117	316	0	0	0	0	10000	108	-1	-1	1	550627200	13	-1	-1	-1	0	72	0	0	1	http://zhidao.baidu.com/question/437211024.html
0	"/etc/profile" e212: can't open file for writing	1078844	115	305691	124	491264	190201	0	0	0	0	0	1	0	0	0	3	0	0	1	0	0	0	0	0	0	0	0	0	0	0	0	0	6	604	0	0	0	0	0	0	0	1	0	0	0	0	0	0	255	255	255	255	255	255	255	255	255	255	0	0	0	0	0	0	0	10000	255	255	2899	88	0	0	0	0	10000	115	-1	-1	1	559180800	13	-1	-1	-1	0	72	0	0	1	http://zhidao.baidu.com/question/478852260.html
0	"/etc/profile" e212: can't open file for writing	1081199	81	264127	94	482350	206368	0	0	0	0	0	0	0	0	0	1	0	0	1	0	0	0	0	0	0	0	0	0	0	0	0	0	6	604	0	0	0	0	119	0	0	1	0	0	0	0	0	0	255	255	255	255	255	255	255	255	255	255	0	0	0	0	0	0	0	10000	255	255	696	0	0	0	0	0	10000	153	-1	-1	1	578448000	13	-1	-1	-1	0	72	0	0	0	http://zhidao.baidu.com/question/545904189.html
1	"integrated	1058036	279	511341	98	418050	290890	0	0	0	0	0	0	0	0	0	3	1	0	0	0	0	0	0	0	0	0	0	0	0	0	0	0	0	0	0	0	0	0	1969	0	0	1	0	0	0	0	0	0	148	109	162	65	255	255	255	255	255	255	0	0	0	0	0	0	0	10000	255	255	2820	58	0	0	0	0	10000	54	-1	-1	1	459216000	2	-1	-1	-1	0	504	187	0	5	http://blog.163.com/xiao_yuer_2009/blog/static/1078198582009621457148/
2	"integrated	700816	265	491127	122	450766	242225	0	0	0	0	0	0	0	0	0	2	0	0	0	0	0	0	0	0	6	0	0	0	0	0	0	0	0	0	0	0	0	0	2560	0	0	2	0	0	0	0	0	0	255	255	255	255	255	255	255	255	255	255	0	0	0	0	0	0	0	10000	255	255	2892	110	0	1	0	0	10000	600	-1	-1	1	523756800	2	-1	-1	-1	0	504	187	0	3	http://blog.csdn.net/jnqqls/article/details/6667537
1	"integrated	2255656	311	505376	0	425484	267602	0	0	0	0	0	0	0	0	0	2	0	0	0	0	0	0	0	0	0	0	0	0	0	0	0	0	0	0	0	0	0	0	3391	0	0	1	0	0	0	0	0	0	255	255	255	255	255	255	255	255	255	255	0	0	0	0	0	0	0	10000	255	255	0	0	0	0	0	0	10000	80	-1	-1	1	562809600	2	-1	-1	-1	0	504	187	0	1	http://blog.sina.com.cn/s/blog_6feecb5301019904.html
3	"integrated	816592	551	514752	130	511787	270784	0	0	0	0	0	0	0	0	0	5	0	0	0	0	0	0	0	0	0	0	0	0	0	1	0	0	5	0	0	0	0	0	2499	0	0	3	0	0	0	0	0	0	127	80	83	140	255	255	255	255	255	255	0	0	0	0	0	0	0	10000	92	75	2718	228	0	0	0	0	10000	493	-1	-1	0	505526400	2	-1	-1	-1	0	504	187	0	3	http://dict.cn/integrated
3	"integrated	371473	511	570684	0	461562	332979	0	0	0	0	0	0	0	0	0	2	0	0	0	0	0	0	0	0	0	0	0	0	0	0	0	0	4	0	0	0	0	0	8741	0	0	3	0	0	0	0	0	0	255	255	255	255	255	255	255	255	255	255	0	0	0	0	0	0	0	10000	40	25	0	0	0	0	0	0	1200	80	-1	-1	0	529113600	2	-1	-1	-1	0	504	187	0	3	http://dict.kekenet.com/en/integrated
0	"integrated	1819622	296	535773	0	396156	330080	0	105	1	0	0	4	0	0	0	4	1	0	0	0	0	0	0	0	0	0	0	0	0	0	0	0	3	0	0	0	0	0	2503	0	0	3	0	0	0	0	0	0	255	255	255	255	255	255	255	255	255	255	0	0	0	0	0	0	0	10000	255	255	0	0	0	0	0	0	10000	80	-1	-1	0	484185600	2	-1	-1	-1	0	504	187	0	4	http://dlg.galileo.usg.edu/highlander/
1	"integrated	547533	312	521564	114	432070	328616	0	288	1	0	1	7	0	0	0	0	0	0	0	0	0	0	0	0	0	0	0	0	0	0	0	0	0	1464	0	0	0	0	391	0	0	3	0	0	0	0	0	0	255	255	255	255	255	255	255	255	255	255	0	0	0	0	0	0	0	10000	255	255	2596	0	0	0	0	0	10000	197	-1	-1	0	528681600	2	-1	-1	-1	0	504	187	0	3	http://en.wikipedia.org/wiki/Integrated_reporting
1	"integrated	2129563	259	499038	0	467220	234187	0	0	0	0	0	0	0	0	0	3	0	0	0	0	0	0	0	0	0	0	0	0	0	0	0	0	5	0	0	0	0	0	2545	0	0	3	0	0	0	0	0	0	255	255	255	255	255	255	255	255	255	255	0	0	0	0	0	0	0	10000	255	255	0	0	0	0	0	0	1200	80	-1	-1	1	533692800	2	-1	-1	-1	0	504	187	0	2	http://item.jd.com/1067844984.html
0	"integrated	2230546	261	499663	0	389476	248432	0	0	0	0	0	0	0	0	0	2	0	0	0	0	0	0	0	0	0	0	0	0	0	0	0	0	5	0	0	0	0	0	3809	0	0	2	0	0	0	0	0	0	255	255	255	255	255	255	255	255	255	255	0	0	0	0	0	0	0	10000	255	255	0	0	0	0	0	0	10000	80	-1	-1	1	588643200	2	-1	-1	-1	0	504	187	0	1	http://music.douban.com/subject/25716819/wishes
0	"integrated	2188334	322	506106	0	438567	258578	0	0	0	0	0	0	0	0	0	2	0	0	0	0	0	0	0	0	0	0	0	0	0	0	0	0	2	0	0	0	0	0	5014	0	0	3	0	0	0	0	0	0	255	255	255	255	255	255	255	255	255	255	0	0	0	0	0	0	0	10000	255	255	0	0	0	0	0	0	10000	80	-1	-1	1	614649600	2	-1	-1	-1	0	504	187	0	0	http://qhdjzjy.com/plus/view.php?aid=96100
0	"integrated	2185548	303	520910	0	456571	252039	0	0	0	0	0	0	0	0	0	3	0	0	0	0	0	0	0	0	0	0	0	0	0	0	0	0	6	0	0	0	0	0	5563	0	0	1	0	0	0	0	0	0	255	255	255	255	255	255	255	255	255	255	0	0	0	0	0	0	0	10000	255	255	0	0	0	0	0	0	10000	80	-1	-1	0	623462400	2	-1	-1	-1	0	504	187	0	0	http://tieba.baidu.com/p/2437274104
1	"integrated	1910106	278	532744	0	437246	333913	0	350	1	0	0	10	0	0	1	5	1	0	0	0	0	0	0	0	0	0	0	0	0	0	0	0	2	0	0	0	0	0	364	0	0	3	0	0	11	0	0	1	255	255	255	255	255	255	255	255	255	255	0	0	0	0	0	0	0	10000	255	255	0	0	0	0	0	0	10000	80	-1	-1	0	624326400	2	-1	-1	-1	0	504	187	0	0	http://www.a51integrated.com/
0	"integrated	1951961	274	505073	0	445500	282139	0	0	0	0	0	0	0	0	0	2	0	0	0	0	0	0	0	0	0	0	0	0	0	0	0	0	6	736	0	0	0	0	4547	0	0	3	0	0	0	0	0	0	255	255	255	255	255	255	255	255	255	255	0	0	0	0	0	0	0	10000	255	255	0	0	0	0	0	0	10000	80	-1	-1	0	539222400	2	-1	-1	-1	0	504	187	0	2	http://www.alibaba.com/showroom/integrated-dishwasher.html
0	"integrated	2305726	296	493309	0	424746	249469	0	0	0	0	0	0	0	0	0	2	0	0	0	0	0	0	0	0	0	12	0	0	0	0	0	0	6	0	0	0	0	0	4098	0	0	3	0	0	0	0	0	0	255	255	255	255	255	255	255	255	255	255	0	0	0	0	0	0	0	10000	255	255	0	0	0	0	0	0	10000	80	-1	-1	0	618969600	2	-1	-1	-1	0	504	187	0	0	http://www.amazon.cn/s?ie=UTF8&page=1&rh=n%3A658390051%2Ck%3AIntegrated%20Marketing%20Communications
1	"integrated	2335866	271	513613	0	436703	301660	0	0	0	0	1	0	0	0	0	0	0	0	0	0	0	0	0	0	0	0	0	0	0	0	0	0	0	0	0	0	0	0	3809	0	0	3	0	0	0	0	0	0	255	255	255	255	255	255	255	255	255	255	0	0	0	0	0	0	0	10000	255	255	0	0	0	1	0	0	10000	80	-1	-1	1	542937600	2	-1	-1	-1	0	504	187	0	2	http://www.audio-bj.com/Aboutus/Aboutus118.html
1	"integrated	2229056	259	514225	0	412762	265407	0	0	0	0	0	0	0	0	0	2	0	0	0	0	0	0	0	0	0	0	0	0	0	0	0	0	5	0	0	0	0	0	4098	0	1	0	0	0	0	0	0	0	255	255	255	255	255	255	255	255	255	255	0	0	0	0	0	0	0	10000	255	255	0	0	0	0	0	0	10000	80	-1	-1	1	619574400	2	-1	-1	-1	0	504	187	0	0	http://www.bokee.net/bloggermodule/blog_printEntry.do?id=19688670
1	"integrated	756616	303	513031	75	421183	310099	0	197	0	0	0	6	0	0	0	5	0	0	0	0	0	0	0	0	0	0	0	0	0	0	0	0	3	1158	0	0	0	0	291	0	0	3	0	0	0	0	0	0	255	255	255	255	255	255	255	255	255	255	0	0	0	0	0	0	0	10000	255	255	2460	102	0	0	0	0	10000	19	-1	-1	0	623808000	2	-1	-1	-1	0	504	187	0	0	http://www.cheng-tsui.com/store/products/integrated_chinese
0	"integrated	2046780	307	507855	0	421390	275721	0	0	0	0	0	0	0	0	0	2	0	0	0	0	0	0	0	0	0	0	0	0	0	0	0	0	3	0	0	0	0	0	4304	0	0	3	0	0	0	0	0	0	255	255	255	255	255	255	255	255	255	255	0	0	0	0	0	0	0	10000	255	255	0	0	0	0	0	0	10000	80	-1	-1	1	611971200	2	-1	-1	-1	0	504	187	0	0	http://www.cnzwys.com/plus/view.php?aid=292286
1	"integrated	1830599	313	509592	0	430980	258190	0	0	0	0	0	0	0	0	0	3	0	0	0	0	0	0	0	0	0	0	0	0	0	0	0	0	4	0	0	0	0	0	3809	0	0	3	0	0	0	0	0	0	255	255	255	255	255	255	255	255	255	255	0	0	0	0	0	0	0	10000	255	255	0	0	0	0	0	0	10000	80	-1	-1	0	603072000	2	-1	-1	-1	0	504	187	0	0	http://www.dictall.com/indu/315/314233570E5.htm
1	"integrated	2306012	266	504720	0	420935	257375	0	0	0	0	1	0	0	0	0	0	0	0	0	0	0	0	0	0	0	0	1	0	0	0	0	0	0	0	0	0	0	0	2545	0	0	3	0	0	0	0	0	0	255	255	255	255	255	255	255	255	255	255	0	0	0	0	0	0	0	10000	255	255	0	0	0	1	0	0	10000	80	-1	-1	1	590025600	2	-1	-1	-1	0	504	187	0	1	http://www.fs-tents.com/plus/view.php?aid=245606
0	"integrated	234753	429	517756	74	471939	260380	0	0	0	0	0	0	0	0	0	5	0	0	0	0	0	0	0	0	0	0	0	0	0	0	0	0	4	0	0	0	0	0	5265	0	0	3	0	0	0	0	0	0	255	255	255	255	255	255	255	255	255	255	0	0	0	0	0	0	0	10000	255	255	1981	108	0	0	0	0	1209	117	-1	-1	0	531532800	2	-1	-1	-1	0	504	187	0	2	http://www.ichacha.net/integrated%20peripherals.html
2	"integrated	450869	538	512726	138	499908	328234	0	278	0	0	0	4	0	0	0	2	1	0	0	0	0	0	0	0	0	0	0	0	0	0	0	0	5	0	0	0	0	0	2348	0	0	3	0	0	4	0	0	3	195	159	126	110	255	255	255	255	255	255	0	0	0	0	0	0	0	10000	57	36	2741	204	0	1	0	0	10000	600	-1	-1	0	623808000	2	-1	-1	-1	0	504	187	0	0	http://www.iciba.com/integrated/
0	"integrated	1723967	304	498215	0	469336	289806	0	306	1	0	0	9	0	0	1	3	1	0	0	0	0	0	0	0	2	0	0	0	0	0	0	0	2	0	0	0	0	0	254	0	0	3	0	0	11	0	0	1	255	255	255	255	255	255	255	255	255	255	0	0	0	0	0	0	0	10000	255	255	0	0	0	0	0	0	10000	80	-1	-1	0	624067200	2	-1	-1	-1	0	504	187	0	0	http://www.integrated-pr.com/
0	"integrated	1952641	295	518284	0	424750	317317	0	182	1	0	0	9	0	0	1	5	1	0	0	0	0	0	0	0	4	0	0	0	0	0	0	0	2	0	0	0	0	0	1263	0	0	3	0	0	11	0	0	1	255	255	255	255	255	255	255	255	255	255	0	0	0	0	0	0	0	10000	255	255	0	0	0	0	0	0	10000	80	-1	-1	0	624326400	2	-1	-1	-1	0	504	187	0	0	http://www.integratedsystems.org/
1	"integrated	1863057	361	512892	0	451709	307988	0	245	1	0	0	9	0	0	1	5	1	0	0	0	0	0	0	0	7	0	0	0	0	0	0	0	2	1218	0	0	0	0	391	0	0	3	0	0	11	0	0	1	255	255	255	255	255	255	255	255	255	255	0	0	0	0	0	0	0	10000	255	255	0	0	0	0	0	0	10000	80	-1	-1	0	624412800	2	-1	-1	-1	0	504	187	0	0	http://www.integratedvisions.net/
0	"integrated	1965814	320	512509	0	449813	281042	0	74	1	0	0	11	0	0	1	5	1	0	0	0	0	0	0	0	0	0	0	0	0	0	0	0	3	0	0	0	0	0	287	0	0	3	0	0	20966	1	4636	1	255	255	255	255	255	255	255	255	255	255	0	0	0	0	0	0	0	10000	255	255	0	0	0	0	0	0	10000	80	-1	-1	1	520214400	2	-1	-1	-1	0	504	187	0	3	http://www.keycycles.com/
1	"integrated	2019000	293	496567	0	452536	277243	0	0	1	0	0	8	0	0	1	4	1	0	0	0	0	0	0	0	1	0	0	0	0	0	0	0	2	0	0	0	0	0	311	0	0	3	0	0	11	0	0	1	255	255	255	255	255	255	255	255	255	255	0	0	0	0	0	0	0	10000	255	255	0	0	0	0	0	0	10000	80	-1	-1	0	618019200	2	-1	-1	-1	0	504	187	0	0	http://www.panelinstall.com/
1	"integrated	1764651	347	513732	0	475934	327463	0	341	1	0	0	12	0	0	1	5	1	0	0	0	0	0	0	0	0	0	0	0	0	0	0	1	3	0	0	0	0	0	426	0	0	3	0	0	11	0	0	1	255	255	255	255	255	255	255	255	255	255	0	0	0	0	0	0	0	10000	255	255	0	0	0	0	0	0	10000	80	-1	-1	0	624412800	2	-1	-1	-1	0	504	187	0	0	http://www.seriousintegrated.com/
1	"integrated	1154307	214	425312	131	476658	209182	0	0	0	0	0	0	0	0	0	4	0	0	1	0	0	0	0	0	0	0	0	0	0	0	0	0	6	0	0	0	0	0	129	0	0	1	0	0	0	0	0	0	187	162	153	96	255	255	255	255	255	255	0	0	0	0	0	0	0	10000	255	255	2741	283	0	0	0	0	10000	144	-1	-1	1	495331200	2	-1	-1	-1	0	504	187	0	4	http://zhidao.baidu.com/question/183182288.html
2	"jimu"ɵ�ϻ���׿���	2104813	499	563840	0	475953	245578	0	0	0	0	0	0	0	0	0	1	0	0	0	0	0	0	0	0	1	0	0	0	0	0	0	0	5	0	0	0	0	0	10000	0	0	1	0	0	0	0	0	0	255	255	255	255	255	255	255	255	255	255	0	0	0	0	0	0	0	10000	255	255	265	0	0	0	0	0	10000	83	-1	-1	0	581817600	4	-1	-1	-1	0	319	0	0	0	http://share.renren.com/share/242528771/15524496626
1	"jimu"ɵ�ϻ���׿���	1380213	158	412616	0	368506	192702	0	0	0	0	0	0	0	0	0	2	0	0	0	0	0	0	0	0	0	0	0	0	0	0	0	0	4	0	0	0	0	0	356	0	0	3	0	0	0	0	0	0	255	255	255	255	255	255	255	255	255	255	0	0	0	0	0	0	0	10000	255	255	0	0	0	0	0	0	10000	80	-1	-1	1	581731200	4	-1	-1	-1	0	319	0	0	0	http://v.jznews.com.cn/index.php?r=video/index/110513
0	"jimu"ɵ�ϻ���׿���	2009853	177	412616	0	384484	192702	0	0	0	0	0	0	0	0	0	2	0	0	0	0	0	0	0	0	0	0	0	0	0	0	0	0	4	0	0	0	0	0	356	0	0	3	0	0	0	0	0	0	255	255	255	255	255	255	255	255	255	255	0	0	0	0	0	0	0	10000	255	255	0	0	0	0	0	0	10000	80	-1	-1	1	581731200	4	-1	-1	-1	0	319	0	0	0	http://v.jznews.com.cn/index.php?r=video/index/129539
0	"jimu"ɵ�ϻ���׿���	1411157	169	412616	0	370168	192702	0	0	0	0	0	0	0	0	0	2	0	0	0	0	0	0	0	0	0	0	0	0	0	0	0	0	4	0	0	0	0	0	356	0	0	3	0	0	0	0	0	0	255	255	255	255	255	255	255	255	255	255	0	0	0	0	0	0	0	10000	255	255	0	0	0	0	0	0	10000	80	-1	-1	1	581731200	4	-1	-1	-1	0	319	0	0	0	http://v.jznews.com.cn/index.php?r=video/index/131648
1	"jimu"ɵ�ϻ���׿���	1774428	175	412616	0	385549	192702	0	0	0	0	0	0	0	0	0	2	0	0	0	0	0	0	0	0	0	0	0	0	0	0	0	0	4	0	0	0	0	0	356	0	0	3	0	0	0	0	0	0	255	255	255	255	255	255	255	255	255	255	0	0	0	0	0	0	0	10000	255	255	0	0	0	0	0	0	10000	80	-1	-1	1	581731200	4	-1	-1	-1	0	319	0	0	0	http://v.jznews.com.cn/index.php?r=video/index/133485
0	"jimu"ɵ�ϻ���׿���	1885093	185	412616	0	404331	192702	0	0	0	0	0	0	0	0	0	2	0	0	0	0	0	0	0	0	2	0	0	0	0	0	0	0	4	0	0	0	0	0	356	0	0	3	0	0	0	0	0	0	255	255	255	255	255	255	255	255	255	255	0	0	0	0	0	0	0	10000	255	255	0	0	0	0	0	0	10000	80	-1	-1	1	581731200	4	-1	-1	-1	0	319	0	0	0	http://v.jznews.com.cn/index.php?r=video/index/134528
1	"jimu"ɵ�ϻ���׿���	1779129	163	412616	0	374651	192702	0	0	0	0	0	0	0	0	0	2	0	0	0	0	0	0	0	0	0	0	0	0	0	0	0	0	4	0	0	0	0	0	356	0	0	3	0	0	0	0	0	0	255	255	255	255	255	255	255	255	255	255	0	0	0	0	0	0	0	10000	255	255	0	0	0	0	0	0	10000	80	-1	-1	1	581731200	4	-1	-1	-1	0	319	0	0	0	http://v.jznews.com.cn/index.php?r=video/index/134986
1	"jimu"ɵ�ϻ���׿���	1414177	174	412616	0	386988	192702	0	0	0	0	0	0	0	0	0	2	0	0	0	0	0	0	0	0	0	0	0	0	0	0	0	0	4	0	0	0	0	0	356	0	0	3	0	0	0	0	0	0	255	255	255	255	255	255	255	255	255	255	0	0	0	0	0	0	0	10000	255	255	0	0	0	0	0	0	10000	80	-1	-1	1	581731200	4	-1	-1	-1	0	319	0	0	0	http://v.jznews.com.cn/index.php?r=video/index/142568
1	"jimu"ɵ�ϻ���׿���	1832083	168	412616	0	365282	192702	0	0	0	0	0	0	0	0	0	2	0	0	0	0	0	0	0	0	0	0	0	0	0	0	0	0	4	0	0	0	0	0	356	0	0	3	0	0	0	0	0	0	255	255	255	255	255	255	255	255	255	255	0	0	0	0	0	0	0	10000	255	255	0	0	0	0	0	0	10000	80	-1	-1	1	581731200	4	-1	-1	-1	0	319	0	0	0	http://v.jznews.com.cn/index.php?r=video/index/143034
0	"jimu"ɵ�ϻ���׿���	1769733	175	412616	0	389882	192702	0	0	0	0	0	0	0	0	0	2	0	0	0	0	0	0	0	0	0	0	0	0	0	0	0	0	4	0	0	0	0	0	356	0	0	3	0	0	0	0	0	0	255	255	255	255	255	255	255	255	255	255	0	0	0	0	0	0	0	10000	255	255	0	0	0	0	0	0	10000	80	-1	-1	1	581731200	4	-1	-1	-1	0	319	0	0	0	http://v.jznews.com.cn/index.php?r=video/index/151262
0	"jimu"ɵ�ϻ���׿���	1854896	174	412616	0	383510	192702	0	0	0	0	0	0	0	0	0	2	0	0	0	0	0	0	0	0	0	0	0	0	0	0	0	0	4	0	0	0	0	0	356	0	0	3	0	0	0	0	0	0	255	255	255	255	255	255	255	255	255	255	0	0	0	0	0	0	0	10000	255	255	0	0	0	0	0	0	10000	80	-1	-1	1	581731200	4	-1	-1	-1	0	319	0	0	0	http://v.jznews.com.cn/index.php?r=video/index/152023
1	"jimu"ɵ�ϻ���׿���	1601772	489	569453	66	445953	250683	0	0	0	0	0	0	0	0	0	2	0	0	0	0	0	1	0	0	0	0	0	0	0	0	0	0	5	0	0	0	0	0	10000	0	0	1	0	0	0	0	0	0	255	255	255	255	255	255	255	255	255	255	0	0	0	0	0	0	0	10000	255	255	650	1	1	0	0	0	10000	131	-1	-1	1	575251200	4	-1	-1	-1	0	319	0	0	0	http://v.ku6.com/show/kyKhdFDltpCLldYAchFQVg...html
0	"jimu"ɵ�ϻ���׿���	498091	171	412616	0	378783	192702	0	0	0	0	0	0	0	0	0	2	0	0	0	0	0	0	0	0	0	0	0	0	0	0	0	0	3	0	0	0	0	0	356	0	0	3	0	0	0	0	0	0	255	255	255	255	255	255	255	255	255	255	0	0	0	0	0	0	0	10000	255	255	0	0	0	0	0	0	823	80	-1	-1	1	581731200	4	-1	-1	-1	0	319	0	0	0	http://v1.jznews.com.cn/index.php?r=video/index/116385
0	"jimu"ɵ�ϻ���׿���	489742	184	410894	0	391436	215607	0	0	0	0	0	0	0	0	0	2	0	0	0	0	0	0	0	0	0	0	0	0	0	0	0	0	3	0	0	0	0	0	356	0	0	3	0	0	0	0	0	0	255	255	255	255	255	255	255	255	255	255	0	0	0	0	0	0	0	10000	255	255	0	0	0	0	0	0	823	80	-1	-1	1	584841600	4	-1	-1	-1	0	319	0	0	0	http://v1.jznews.com.cn/index.php?r=video/index/126147
0	"jimu"ɵ�ϻ���׿���	1822257	183	410894	0	392291	215607	0	0	0	0	0	0	0	0	0	2	0	0	0	0	0	0	0	0	0	0	0	0	0	0	0	0	3	0	0	0	0	0	356	0	0	3	0	0	0	0	0	0	255	255	255	255	255	255	255	255	255	255	0	0	0	0	0	0	0	10000	255	255	0	0	0	0	0	0	823	80	-1	-1	1	584841600	4	-1	-1	-1	0	319	0	0	0	http://v1.jznews.com.cn/index.php?r=video/index/126148
0	"jimu"ɵ�ϻ���׿���	1588940	179	412616	0	389499	192702	0	0	0	0	0	0	0	0	0	2	0	0	0	0	0	0	0	0	0	0	0	0	0	0	0	0	3	0	0	0	0	0	356	0	0	3	0	0	0	0	0	0	255	255	255	255	255	255	255	255	255	255	0	0	0	0	0	0	0	10000	255	255	0	0	0	0	0	0	823	80	-1	-1	1	581731200	4	-1	-1	-1	0	319	0	0	0	http://v1.jznews.com.cn/index.php?r=video/index/129450
0	"jimu"ɵ�ϻ���׿���	509257	171	412616	0	359226	192702	0	0	0	0	0	0	0	0	0	2	0	0	0	0	0	0	0	0	0	0	0	0	0	0	0	0	3	0	0	0	0	0	356	0	0	3	0	0	0	0	0	0	255	255	255	255	255	255	255	255	255	255	0	0	0	0	0	0	0	10000	255	255	0	0	0	0	0	0	823	80	-1	-1	1	581731200	4	-1	-1	-1	0	319	0	0	0	http://v1.jznews.com.cn/index.php?r=video/index/129492
2	"jimu"ɵ�ϻ���׿���	514615	422	563840	0	442315	233691	0	0	0	0	0	0	0	0	0	2	0	0	0	0	0	0	0	0	0	0	0	0	0	0	0	0	3	0	0	0	0	0	10000	0	0	3	0	0	0	0	0	0	255	255	255	255	255	255	255	255	255	255	0	0	0	0	0	0	0	10000	255	255	0	0	0	0	0	0	823	80	-1	-1	1	581731200	4	-1	-1	-1	0	319	0	0	0	http://v1.jznews.com.cn/index.php?r=video/index/129595
1	"jimu"ɵ�ϻ���׿���	1584742	172	412616	0	378307	192702	0	0	0	0	0	0	0	0	0	2	0	0	0	0	0	0	0	0	0	0	0	0	0	0	0	0	3	0	0	0	0	0	356	0	0	3	0	0	0	0	0	0	255	255	255	255	255	255	255	255	255	255	0	0	0	0	0	0	0	10000	255	255	0	0	0	0	0	0	823	80	-1	-1	1	581731200	4	-1	-1	-1	0	319	0	0	0	http://v1.jznews.com.cn/index.php?r=video/index/135902
0	"jimu"ɵ�ϻ���׿���	1865742	176	412616	0	393177	192702	0	0	0	0	0	0	0	0	0	2	0	0	0	0	0	0	0	0	0	0	0	0	0	0	0	0	3	0	0	0	0	0	356	0	0	3	0	0	0	0	0	0	255	255	255	255	255	255	255	255	255	255	0	0	0	0	0	0	0	10000	255	255	0	0	0	0	0	0	823	80	-1	-1	1	581731200	4	-1	-1	-1	0	319	0	0	0	http://v1.jznews.com.cn/index.php?r=video/index/137934
0	"jimu"ɵ�ϻ���׿���	1593292	187	412616	0	401601	192702	0	0	0	0	0	0	0	0	0	2	0	0	0	0	0	0	0	0	0	0	0	0	0	0	0	0	3	0	0	0	0	0	356	0	0	3	0	0	0	0	0	0	255	255	255	255	255	255	255	255	255	255	0	0	0	0	0	0	0	10000	255	255	0	0	0	0	0	0	823	80	-1	-1	1	581731200	4	-1	-1	-1	0	319	0	0	0	http://v1.jznews.com.cn/index.php?r=video/index/138494
0	"jimu"ɵ�ϻ���׿���	1822136	175	412616	0	386900	192702	0	0	0	0	0	0	0	0	0	2	0	0	0	0	0	0	0	0	0	0	0	0	0	0	0	0	3	0	0	0	0	0	356	0	0	3	0	0	0	0	0	0	255	255	255	255	255	255	255	255	255	255	0	0	0	0	0	0	0	10000	255	255	0	0	0	0	0	0	823	80	-1	-1	1	581731200	4	-1	-1	-1	0	319	0	0	0	http://v1.jznews.com.cn/index.php?r=video/index/144009
0	"jimu"ɵ�ϻ���׿���	1591295	191	412616	0	407348	192702	0	0	0	0	0	0	0	0	0	2	0	0	0	0	0	0	0	0	0	0	0	0	0	0	0	0	3	0	0	0	0	0	356	0	0	3	0	0	0	0	0	0	255	255	255	255	255	255	255	255	255	255	0	0	0	0	0	0	0	10000	255	255	0	0	0	0	0	0	823	80	-1	-1	1	581731200	4	-1	-1	-1	0	319	0	0	0	http://v1.jznews.com.cn/index.php?r=video/index/146175
0	"jimu"ɵ�ϻ���׿���	1882228	184	412616	0	400631	192702	0	0	0	0	0	0	0	0	0	2	0	0	0	0	0	0	0	0	0	0	0	0	0	0	0	0	3	0	0	0	0	0	356	0	0	3	0	0	0	0	0	0	255	255	255	255	255	255	255	255	255	255	0	0	0	0	0	0	0	10000	255	255	0	0	0	0	0	0	823	80	-1	-1	1	581731200	4	-1	-1	-1	0	319	0	0	0	http://v1.jznews.com.cn/index.php?r=video/index/152094
2	"jimu"ɵ�ϻ���׿���	1610808	492	563840	0	474512	243203	0	0	0	0	0	0	0	0	0	2	0	0	0	0	0	0	0	0	0	0	1	0	0	0	0	0	5	0	0	0	0	0	10000	0	0	3	0	0	0	0	0	0	255	255	255	255	255	255	255	255	255	255	0	0	0	0	0	0	0	10000	255	255	0	0	0	0	0	0	10000	80	-1	-1	1	574300800	4	-1	-1	-1	0	319	0	0	0	http://video.sina.com.cn/v/b/99211789-1642632024.html
0	"jimu"ɵ�ϻ���׿���	1616388	186	412616	0	399192	192702	0	0	0	0	0	0	0	0	0	5	0	0	0	0	0	0	0	0	0	0	1	0	0	0	0	0	3	0	0	0	0	0	356	0	0	3	0	0	0	0	0	0	255	255	255	255	255	255	255	255	255	255	0	0	0	0	0	0	0	10000	255	255	0	0	0	0	0	0	10000	80	-1	-1	1	581731200	4	-1	-1	-1	0	319	0	0	0	http://vv.jznews.com.cn/system/2013/04/03/010897994.shtml
0	"jimu"ɵ�ϻ���׿���	1600576	176	412616	0	393282	192702	0	0	0	0	0	0	0	0	0	5	0	0	0	0	0	0	0	0	0	0	1	0	0	0	0	0	3	0	0	0	0	0	356	0	0	3	0	0	0	0	0	0	255	255	255	255	255	255	255	255	255	255	0	0	0	0	0	0	0	10000	255	255	0	0	0	0	0	0	10000	80	-1	-1	1	581731200	4	-1	-1	-1	0	319	0	0	0	http://vv.jznews.com.cn/system/2013/05/10/011018937.shtml
2	"jimu"ɵ�ϻ���׿���	2038202	450	563840	0	474512	234947	0	0	0	0	0	0	0	0	0	2	0	0	0	0	0	1	0	0	0	0	1	0	0	0	0	0	4	0	0	0	0	0	10000	0	0	3	0	0	0	0	0	0	255	255	255	255	255	255	255	255	255	255	0	0	0	0	0	0	0	10000	255	255	0	0	0	0	0	0	1200	80	-1	-1	1	574300800	4	-1	-1	-1	0	319	0	0	0	http://you.video.sina.com.cn/b/99211789-1642632024.html
1	"jimu"ɵ�ϻ���׿���	2337912	461	563840	67	474512	244137	0	0	0	0	0	0	0	0	0	2	0	0	0	0	0	1	0	0	0	0	0	0	0	0	0	0	4	0	0	0	0	0	10000	0	0	3	0	0	0	0	0	0	255	255	255	255	255	255	255	255	255	255	0	0	0	0	0	0	0	10000	255	255	482	0	0	0	0	0	1200	80	-1	-1	1	574300800	4	-1	-1	-1	0	319	0	0	0	http://you.video.sina.com.cn/b/99211789-1642632024.html567429471
2	"optix osn1500����"	2732160	491	600975	0	466391	317244	0	0	0	0	0	0	0	0	0	5	0	0	0	0	0	0	0	0	0	0	0	0	0	0	0	0	4	0	0	0	0	0	10033	0	0	3	0	0	0	0	0	0	255	255	255	255	255	255	255	255	255	255	0	0	0	0	0	0	0	10000	255	255	0	0	0	0	0	0	620	80	-1	-1	0	618451200	3	-1	-1	-1	0	843	0	0	0	http://3y.uu456.com/bp-4cfc03da83d04q64qa66s848-1.html
1	"pb002u �ƶ���Դ 5000����	2750141	266	425081	0	404878	236510	0	0	0	0	0	0	0	0	0	1	0	0	0	0	0	0	0	0	0	0	0	0	0	0	0	0	4	0	0	0	0	0	580	0	0	3	0	0	0	0	0	0	255	255	255	255	255	255	255	255	255	255	0	0	0	0	0	0	0	10000	255	255	0	0	1	0	0	0	10000	80	-1	-1	1	569462400	5	-1	-1	-1	0	404	10	0	0	http://bbs.jurong.cn/forum.php?mod=viewthread&tid=669707
1	"pb002u �ƶ���Դ 5000����	2904776	203	410779	0	395749	205470	0	0	0	0	0	0	0	0	0	0	0	0	0	0	0	0	0	0	0	0	0	0	0	0	0	0	5	0	0	54	106	0	580	2	1	1	0	0	0	0	0	0	255	255	255	255	255	255	255	255	255	255	0	0	0	0	0	0	0	10000	255	255	0	0	0	0	0	0	10000	80	-1	-1	0	570067200	5	-1	-1	-1	0	404	10	0	0	http://bj.ganji.com/bangong/420207089x.htm
1	"pb002u �ƶ���Դ 5000����	2571144	173	369906	0	415937	191137	0	0	0	0	0	0	0	0	0	1	0	0	0	0	0	0	0	0	0	0	0	0	0	0	0	1	5	1193	0	205	343	0	380	0	0	3	0	0	0	0	0	0	255	255	255	255	255	255	255	255	255	255	0	0	0	0	0	0	0	10000	255	255	0	0	0	0	0	0	10000	80	-1	-1	1	562723200	5	-1	-1	-1	0	404	10	0	0	http://detail.zol.com.cn/340/339399/review_good_0_0_0_1.shtml
1	"pb002u �ƶ���Դ 5000����	2827668	240	424436	0	404878	237876	0	0	0	0	0	0	0	0	0	1	0	0	0	0	0	0	0	0	0	0	0	0	0	0	0	0	4	0	0	0	0	0	580	0	0	3	0	0	0	0	0	0	255	255	255	255	255	255	255	255	255	255	0	0	0	0	0	0	0	10000	255	255	0	0	0	0	0	0	10000	80	-1	-1	1	569462400	5	-1	-1	-1	0	404	10	0	0	http://jurong.cn/thread-669707-1-1.html
1	"pb002u �ƶ���Դ 5000����	3234537	232	395398	0	430229	190133	0	0	0	0	0	0	0	0	0	2	0	0	0	0	0	0	0	0	0	0	0	0	0	0	0	0	5	1009	0	211	333	0	387	0	0	3	0	0	0	0	0	0	255	255	255	255	255	255	255	255	255	255	0	0	0	0	0	0	0	10000	255	255	0	0	0	0	0	0	1215	80	-1	-1	1	569203200	5	-1	-1	-1	0	404	10	0	0	http://mobile.it168.com/a2013/0114/1446/000001446275_all.shtml
2	"pb002u �ƶ���Դ 5000����	3003634	236	407091	0	441959	204944	0	0	0	0	0	0	0	0	0	0	0	0	0	0	0	0	0	0	0	0	0	0	0	0	0	1	2	0	0	0	0	0	680	0	0	3	0	0	0	0	0	0	255	255	255	255	255	255	255	255	255	255	0	0	0	0	0	0	0	10000	255	255	0	0	0	0	0	0	10000	80	-1	-1	0	569116800	5	-1	-1	-1	0	404	10	0	0	http://prs.360buy.com/PersonalSimiRec.aspx?wid=293375&ShowType=1&cid3=5003&cwid=504067
0	"pb002u �ƶ���Դ 5000����	2516193	244	368714	0	429672	230441	0	0	0	0	0	0	0	0	0	0	0	0	0	0	0	0	0	0	0	0	0	0	0	0	0	0	4	0	0	57	117	0	251	0	0	3	0	0	0	0	0	0	255	255	255	255	255	255	255	255	255	255	0	0	0	0	0	0	0	10000	255	255	0	0	0	0	0	0	10000	80	-1	-1	0	569116800	5	-1	-1	-1	0	404	10	0	0	http://search.china.alibaba.com/selloffer/-3155-1046714.html
2	"pb002u �ƶ���Դ 5000����	3387015	246	390614	0	437054	231939	0	0	0	0	0	0	0	0	0	1	0	0	0	0	0	0	0	0	0	0	0	0	0	0	0	1	4	0	0	0	0	0	580	0	0	3	0	0	0	0	0	0	255	255	255	255	255	255	255	255	255	255	0	0	0	0	0	0	0	10000	255	255	0	0	0	0	0	0	10000	80	-1	-1	0	570067200	5	-1	-1	-1	0	404	10	0	0	http://shop.etao.com/search.htm?id=648174998&fcat=50067338&sort=price
1	"pb002u �ƶ���Դ 5000����	3419082	385	533836	0	465484	188809	0	0	0	0	0	0	0	0	0	1	0	0	0	0	0	0	0	0	0	0	0	0	0	0	0	0	4	0	0	177	262	0	7742	0	0	3	0	0	0	0	0	0	255	255	255	255	255	255	255	255	255	255	0	0	0	0	0	0	0	10000	255	255	0	0	0	0	0	0	10000	80	-1	-1	0	563155200	5	-1	-1	-1	0	404	10	0	0	http://www.360buy.com/bigimage.aspx?id=746846
3	"pb002u �ƶ���Դ 5000����	2736825	438	585507	0	466275	285112	0	105	0	0	0	3	0	0	0	5	0	0	0	0	0	0	0	0	24	0	0	0	0	0	0	0	4	0	0	177	262	0	2879	0	0	3	0	0	0	0	0	0	255	255	255	255	255	255	255	255	255	255	0	0	0	0	0	0	0	10000	255	255	0	0	8	0	0	0	10000	80	-1	-1	0	569808000	5	-1	-1	-1	0	404	10	0	0	http://www.360buy.com/product/746846.html
3	"pb002u �ƶ���Դ 5000����	3211252	402	543247	0	466275	200128	0	0	0	0	0	0	0	0	0	2	0	0	0	0	0	0	0	0	0	0	0	0	0	0	0	0	4	0	0	177	262	0	8567	0	0	3	0	0	0	0	0	0	255	255	255	255	255	255	255	255	255	255	0	0	0	0	0	0	0	10000	255	255	0	0	0	0	0	0	10000	80	-1	-1	1	561513600	5	-1	-1	-1	0	404	10	0	0	http://www.360buy.com/product/746846.htmlApokin
2	"pb002u �ƶ���Դ 5000����	2911959	417	544946	0	452422	262666	0	0	0	0	0	0	0	0	0	3	0	0	0	0	0	0	0	0	0	0	0	0	0	0	0	1	4	0	0	0	0	0	8741	0	0	3	0	0	0	0	0	0	255	255	255	255	255	255	255	255	255	255	0	0	0	0	0	0	0	10000	255	255	0	0	1	0	0	0	10000	80	-1	-1	0	569116800	5	-1	-1	-1	0	404	10	0	0	http://www.365bj.com/item/view-44933-55.html
0	"pb002u �ƶ���Դ 5000����	3433614	250	439280	0	401175	218351	0	0	0	0	0	0	0	0	0	2	0	0	0	0	0	0	0	0	1	0	0	0	0	0	0	0	4	0	0	0	0	0	680	0	0	3	0	0	0	0	0	0	255	255	255	255	255	255	255	255	255	255	0	0	0	0	0	0	0	10000	255	255	0	0	0	0	0	0	412	80	-1	-1	0	565833600	5	-1	-1	-1	0	404	10	0	0	http://www.9518.com/products/11534367-21811.shtml
1	"pb002u �ƶ���Դ 5000����	3389096	410	553985	0	465623	298692	0	0	0	0	0	0	0	0	0	5	0	0	0	0	0	0	0	0	0	0	0	0	0	0	0	0	3	0	0	23	35	0	9079	0	0	3	0	0	0	0	0	0	255	255	255	255	255	255	255	255	255	255	0	0	0	0	0	0	0	10000	255	255	0	0	1	0	0	0	10000	80	-1	-1	0	569116800	5	-1	-1	-1	0	404	10	0	0	http://www.anybi.com/goods/2587458
0	"pb002u �ƶ���Դ 5000����	2809192	197	419067	0	413396	198806	0	0	0	0	0	0	0	0	0	5	0	0	0	0	0	0	0	0	0	4	0	0	0	0	0	0	3	0	0	27	55	0	356	0	0	3	0	0	0	0	0	0	255	255	255	255	255	255	255	255	255	255	0	0	0	0	0	0	0	10000	255	255	0	0	0	0	0	0	10000	80	-1	-1	0	564105600	5	-1	-1	-1	0	404	10	0	0	http://www.dajiubao.com/itpd4151082
0	"pb002u �ƶ���Դ 5000����	2817872	198	419067	0	408435	198806	0	0	0	0	0	0	0	0	0	5	0	0	0	0	0	0	0	0	0	4	0	0	0	0	0	0	3	0	0	27	55	0	356	0	0	3	0	0	0	0	0	0	255	255	255	255	255	255	255	255	255	255	0	0	0	0	0	0	0	10000	255	255	0	0	0	0	0	0	10000	47	-1	-1	0	564364800	5	-1	-1	-1	0	404	10	0	0	http://www.dajiubao.com/itpd4151363
2	"pb002u �ƶ���Դ 5000����	3091396	366	566709	0	447020	238514	0	0	0	0	0	0	0	0	0	4	1	0	0	0	0	0	0	0	0	0	0	0	0	0	0	0	5	0	0	0	0	0	9873	0	1	3	0	0	0	0	0	0	255	255	255	255	255	255	255	255	255	255	0	0	0	0	0	0	0	10000	255	255	0	0	0	0	0	0	10000	80	-1	-1	0	569116800	5	-1	-1	-1	0	404	10	0	0	http://www.huihui.cn/detail/4808a1c2ae487261/
1	"pb002u �ƶ���Դ 5000����	2393764	207	396299	0	427117	194046	0	0	0	0	0	0	0	0	0	1	0	0	0	0	0	0	0	0	0	0	0	0	0	0	0	0	5	0	0	0	17	0	580	0	0	3	0	0	0	0	0	0	255	255	255	255	255	255	255	255	255	255	0	0	0	0	0	0	0	10000	255	255	0	0	0	0	0	0	10000	80	-1	-1	0	569635200	5	-1	-1	-1	0	404	10	0	0	http://www.kiees.com/?p=57879
2	"pb002u �ƶ���Դ 5000����	2886612	328	488229	0	439825	245634	0	0	0	0	0	0	0	0	0	1	0	0	0	0	0	0	0	0	0	0	0	0	0	0	0	0	5	0	0	18	33	0	4000	0	0	3	0	0	0	0	0	0	255	255	255	255	255	255	255	255	255	255	0	0	0	0	0	0	0	10000	255	255	0	0	0	0	0	0	10000	80	-1	-1	0	568252800	5	-1	-1	-1	0	404	10	0	0	http://www.manmanbuy.com/sitepro_4894167.aspx
0	"pb002u �ƶ���Դ 5000����	3121040	20	352981	0	381275	196430	0	0	0	0	0	0	0	0	0	3	0	0	0	0	0	0	0	0	0	0	0	0	0	0	0	0	3	0	0	0	0	0	139	0	0	3	0	0	0	0	0	0	255	255	255	255	255	255	255	255	255	255	0	0	0	0	0	0	0	10000	255	255	0	0	0	0	0	0	10000	80	-1	-1	1	567734400	5	-1	-1	-1	0	404	10	0	0	http://www.njdazhe.com/forum.php?mod=viewthread&tid=691
0	"pb002u �ƶ���Դ 5000����	2866525	227	348155	0	420807	237689	0	0	0	0	0	0	0	0	0	5	1	0	0	0	0	0	0	0	0	0	0	0	0	0	0	1	4	0	0	0	0	0	356	0	0	3	0	0	0	0	0	0	255	255	255	255	255	255	255	255	255	255	0	0	0	0	0	0	0	10000	255	255	0	0	0	0	0	0	755	80	-1	-1	0	566352000	5	-1	-1	-1	0	404	10	0	0	http://www.taoban.com/cellphonebattery-92/bnd-1882/
0	"pb002u �ƶ���Դ 5000����	2873703	225	351670	0	416369	200432	0	0	0	0	0	0	0	0	0	5	1	0	0	0	0	0	0	0	1	0	0	0	0	0	0	1	4	0	0	0	0	0	289	0	0	3	0	0	0	0	0	0	255	255	255	255	255	255	255	255	255	255	0	0	0	0	0	0	0	10000	255	255	0	0	0	0	0	0	755	80	-1	-1	0	565228800	5	-1	-1	-1	0	404	10	0	0	http://www.taoban.com/cellphonebattery-92/bnd-1954/
1	"pb002u �ƶ���Դ 5000����	2550941	204	409248	0	388131	214985	0	0	0	0	0	0	0	0	0	5	0	0	0	0	0	0	0	0	0	0	1	0	0	0	0	0	5	0	0	0	0	0	356	0	0	3	0	0	0	0	0	0	255	255	255	255	255	255	255	255	255	255	0	0	0	0	0	0	0	10000	255	255	0	0	0	0	0	0	10000	80	-1	-1	0	566352000	5	-1	-1	-1	0	404	10	0	0	http://www.xitie.com/360buy.php?no=726171
1	"pb002u �ƶ���Դ 5000����	3398462	271	458058	0	436607	233408	0	0	0	0	0	0	0	0	0	1	0	0	0	0	0	0	0	0	0	0	0	0	0	0	0	0	4	0	0	0	0	0	1062	2	1	3	0	0	0	0	0	0	255	255	255	255	255	255	255	255	255	255	0	0	0	0	0	0	0	10000	255	255	0	0	0	0	0	0	10000	80	-1	-1	0	569030400	5	-1	-1	-1	0	404	10	0	0	http://xuchang.ganji.com/qitawupin/412902406x.htm
0	"pb002u �ƶ���Դ 5000����	3181286	47	288963	0	425481	189450	0	0	0	0	0	1	0	0	0	3	0	0	1	0	0	0	0	0	0	0	0	0	0	0	0	0	6	0	0	86	142	0	0	0	0	1	0	0	0	0	0	0	255	255	255	255	255	255	255	255	255	255	0	0	0	0	0	0	0	10000	255	255	0	0	1	0	0	0	10000	92	-1	-1	1	568771200	5	-1	-1	-1	0	404	10	0	0	http://zhidao.baidu.com/question/514904389.html
2	"����"��֯	230422	401	531690	0	393673	270254	0	0	0	0	0	0	1	0	0	3	0	0	0	0	0	0	0	0	0	0	0	0	1	0	0	0	4	0	0	0	0	0	8567	0	0	3	0	0	0	0	0	0	255	255	255	255	255	255	255	255	255	255	0	0	0	0	0	0	0	271	45	7	0	0	5	0	0	0	10000	80	-1	-1	1	504489600	3	-1	-1	-1	0	474	0	0	2	http://big5.qidian.com/BookReader/1762785,30563633.aspx
1	"����"��֯	355216	299	530859	0	365666	283262	0	0	0	0	0	0	0	0	0	4	0	0	0	0	0	0	0	0	0	0	0	0	0	0	0	0	3	0	0	0	0	0	8722	0	0	3	0	0	0	0	0	0	255	255	255	255	255	255	255	255	255	255	0	0	0	0	0	0	0	10000	45	7	0	0	0	0	0	0	1185	80	-1	-1	0	571795200	3	-1	-1	-1	0	474	0	0	0	http://book.xxs8.com/89972/826618.html
1	"����"��֯	553855	342	509999	0	393673	239660	0	0	0	0	0	0	0	0	0	0	0	0	0	0	0	0	0	0	0	0	0	0	1	0	0	0	3	0	0	0	0	0	7485	0	0	3	0	0	0	0	0	0	255	255	255	255	255	255	255	255	255	255	0	0	0	0	0	0	0	10000	36	6	0	0	0	0	0	0	1045	80	-1	-1	1	504489600	3	-1	-1	-1	0	474	0	0	2	http://chuban.qidian.com/BookReader/1762785,30563633.aspx
0	"����"��֯	492586	378	514451	0	435451	263700	0	0	0	0	1	0	0	0	0	0	0	0	0	0	0	0	0	0	0	0	0	0	0	0	0	0	0	0	0	0	0	0	7692	0	0	3	0	0	0	0	0	0	255	255	255	255	255	255	255	255	255	255	0	0	0	0	0	0	0	10000	47	8	0	0	44	0	0	0	10000	80	-1	-1	0	415843200	3	-1	-1	-1	0	474	0	0	4	http://union3.chinagames.net/group/ShowConfra.aspx?ConfraID=29878
1	"����"��֯	189694	517	601975	15	432832	277702	0	0	0	0	0	0	0	0	0	1	0	0	0	0	0	0	0	0	0	0	0	0	1	0	0	0	4	0	0	0	0	0	10000	0	0	3	0	0	0	0	0	0	255	255	255	255	255	255	255	255	255	255	0	0	0	0	0	0	0	860	90	47	0	0	96	0	0	0	915	80	-1	-1	1	459820800	3	-1	-1	-1	0	474	0	0	3	http://vip.book.sina.com.cn/book/chapter_102155_65321.html
0	"����"��֯	2449021	172	413603	0	361090	237736	0	0	0	0	0	0	0	0	0	1	0	0	0	0	0	0	0	0	0	0	0	0	1	0	0	0	4	0	0	0	0	0	754	0	0	3	0	0	0	0	0	0	255	255	255	255	255	255	255	255	255	255	0	0	0	0	0	0	0	10000	255	255	0	0	0	0	0	0	915	80	-1	-1	1	573350400	3	-1	-1	-1	0	474	0	0	0	http://vip.book.sina.com.cn/book/chapter_230457_288840.html
0	"����"��֯	911517	481	529564	146	489474	252494	0	0	0	0	0	0	0	0	0	1	0	0	0	0	1	0	0	0	0	0	0	0	0	0	0	0	5	0	0	0	0	0	8924	0	0	1	0	0	0	0	0	0	255	255	255	255	255	255	255	255	255	255	0	0	0	0	0	0	0	2232	76	21	7004	606	91	0	0	0	10000	41	-1	-1	0	547603200	3	-1	-1	-1	0	474	0	0	0	http://wenwen.soso.com/z/q371181624.htm
2	"����"��֯	298076	378	506348	0	384042	290011	0	0	0	0	0	0	0	0	0	4	0	0	0	0	0	0	0	0	0	0	0	0	0	0	0	0	5	0	0	0	0	0	7098	0	0	3	0	0	0	0	0	0	255	255	255	255	255	255	255	255	255	255	0	0	0	0	0	0	0	10000	57	9	0	0	2	0	0	0	10000	80	-1	-1	0	545875200	3	-1	-1	-1	0	474	0	0	0	http://www.17k.com/chapter/101480/3012375.html
0	"����"��֯	368419	276	429824	0	351761	241877	0	0	0	0	0	0	0	0	0	4	0	0	0	0	0	0	0	0	0	0	0	0	0	0	0	0	5	0	0	0	0	0	1600	0	0	3	0	0	0	0	0	0	255	255	255	255	255	255	255	255	255	255	0	0	0	0	0	0	0	10000	255	255	0	0	0	0	0	0	10000	80	-1	-1	0	552441600	3	-1	-1	-1	0	474	0	0	0	http://www.17k.com/chapter/343736/7838690.html
0	"����"��֯	1976698	154	436467	0	360449	216947	0	0	0	0	0	0	0	0	0	4	0	0	0	0	0	0	0	0	0	0	0	0	0	0	0	0	5	0	0	0	0	0	643	0	0	3	0	0	0	0	0	0	255	255	255	255	255	255	255	255	255	255	0	0	0	0	0	0	0	10000	255	255	0	0	0	0	0	0	10000	80	-1	-1	0	565488000	3	-1	-1	-1	0	474	0	0	0	http://www.17k.com/chapter/435443/9105494.html
0	"����"��֯	2650541	158	394484	0	354682	235208	0	0	0	0	0	0	0	0	0	3	0	0	0	0	0	0	0	0	0	0	0	0	0	0	0	0	5	0	0	0	0	0	754	0	0	3	0	0	0	0	0	0	255	255	255	255	255	255	255	255	255	255	0	0	0	0	0	0	0	10000	255	255	0	0	0	0	0	0	10000	80	-1	-1	0	573004800	3	-1	-1	-1	0	474	0	0	0	http://www.17k.com/chapter/488170/9837100.html
0	"����"��֯	726986	313	507746	0	441030	273147	0	0	0	0	0	0	0	0	0	1	0	0	0	0	0	0	0	0	0	0	0	0	1	0	0	0	3	0	0	0	0	0	3627	0	0	3	0	0	0	0	0	0	255	255	255	255	255	255	255	255	255	255	0	0	0	0	0	0	0	10000	255	255	0	0	0	0	0	0	10000	80	-1	-1	0	561772800	3	-1	-1	-1	0	474	0	0	0	http://www.d9123.com/files/article/html/37/37047/5569709.html
0	"����"��֯	939425	345	519256	0	399672	248229	0	0	0	0	0	0	0	0	0	1	0	0	0	0	0	0	0	0	0	0	0	0	1	0	0	0	3	0	0	0	0	0	9241	0	0	3	0	0	0	0	0	0	255	255	255	255	255	255	255	255	255	255	0	0	0	0	0	0	0	10000	255	255	0	0	0	0	0	0	843	80	-1	-1	0	500256000	3	-1	-1	-1	0	474	0	0	2	http://www.dawenxue.net/html/36/36947/5610149.html
0	"����"��֯	677465	326	517171	0	417156	242879	0	0	0	0	0	0	0	0	0	4	0	0	0	0	0	0	0	0	0	0	0	0	0	0	0	0	4	0	0	0	0	0	6452	0	0	3	0	0	0	0	0	0	255	255	255	255	255	255	255	255	255	255	0	0	0	0	0	0	0	10000	255	255	0	0	0	0	0	0	10000	80	-1	-1	0	516153600	3	-1	-1	-1	0	474	0	0	1	http://www.nilongdao.com/book/3/3301/1246637.html
2	"����"��֯	250942	380	531690	0	393673	270254	0	0	0	0	0	0	0	0	0	3	0	0	0	0	0	0	0	0	0	0	0	0	1	0	0	0	6	0	0	0	0	0	8567	0	0	3	0	0	0	0	0	0	255	255	255	255	255	255	255	255	255	255	0	0	0	0	0	0	0	10000	57	9	0	0	1	0	0	0	10000	80	-1	-1	1	504489600	3	-1	-1	-1	0	474	0	0	2	http://www.qidian.com/BookReader/1762785,30563633.aspx
1	"����"��֯	1152603	322	515685	0	372265	278836	0	0	0	0	0	0	0	0	0	1	0	0	0	0	0	0	0	0	0	0	0	0	1	0	0	0	4	0	0	0	0	0	8425	0	0	3	0	0	0	0	0	0	255	255	255	255	255	255	255	255	255	255	0	0	0	0	0	0	0	10000	38	6	0	0	1	0	0	0	10000	80	-1	-1	0	515980800	3	-1	-1	-1	0	474	0	0	1	http://www.siluke.com/0/7/7400/2049646.html
1	"����"��֯	1583279	260	496905	0	373379	268516	0	0	0	0	0	0	0	0	0	3	0	0	0	0	0	0	0	0	0	0	0	0	0	0	0	0	3	0	0	0	0	0	8722	0	0	3	0	0	0	0	0	0	255	255	255	255	255	255	255	255	255	255	0	0	0	0	0	0	0	10000	255	255	0	0	0	0	0	0	10000	80	-1	-1	0	391305600	3	-1	-1	-1	0	474	0	0	5	http://www.wenxuewu.com/files/article/html/99/99333/3289802.html
0	"����"��֯	1989728	371	526828	0	409025	278723	0	0	0	0	0	0	0	0	0	4	0	0	0	0	0	0	0	0	0	0	0	0	0	0	0	0	4	0	0	0	0	0	3627	0	0	3	0	0	0	0	0	0	255	255	255	255	255	255	255	255	255	255	0	0	0	0	0	0	0	10000	255	255	0	0	1	0	0	0	10000	80	-1	-1	0	568684800	3	-1	-1	-1	0	474	0	0	0	http://www.yuncheng.com/read/book/4/171710/7360577
0	"����"��֯	1149918	477	542461	120	518242	261531	0	0	0	0	0	1	0	0	0	0	0	0	1	0	0	0	0	0	0	0	0	0	0	0	0	0	6	0	0	0	0	0	2857	0	0	1	0	0	0	0	0	0	255	255	255	255	255	255	255	255	255	255	0	0	0	0	0	0	0	4940	128	123	8837	1491	454	0	0	0	10000	24	-1	-1	1	494467200	3	-1	-1	-1	0	474	0	0	2	http://zhidao.baidu.com/question/180479765.html
0	"����"��֯	989990	270	432038	66	426178	217158	0	0	0	0	0	0	0	0	0	4	0	0	1	0	0	0	0	0	0	0	0	0	0	0	0	0	6	0	0	0	0	0	486	0	0	1	0	0	0	0	0	0	255	255	255	255	255	255	255	255	255	255	0	0	0	0	0	0	0	10000	255	255	381	8	1	0	0	0	10000	104	-1	-1	1	523929600	3	-1	-1	-1	0	474	0	0	1	http://zhidao.baidu.com/question/304433173.html
1	"����"��֯	1124071	458	512547	190	519092	199642	0	0	0	0	0	0	0	0	0	0	0	0	1	0	0	0	0	0	0	0	0	0	0	0	0	0	6	0	0	0	0	0	6183	0	0	1	0	0	0	0	0	0	255	255	255	255	255	255	255	255	255	255	0	0	0	0	0	0	0	3175	74	13	9819	882	34	0	0	0	10000	141	-1	-1	1	539308800	3	-1	-1	-1	0	474	0	0	1	http://zhidao.baidu.com/question/373662847.html
0	"����"��֯	1076825	258	424500	0	441693	226004	0	0	0	0	0	0	0	0	0	3	0	0	1	0	0	0	0	0	0	0	0	0	0	0	0	0	6	0	0	0	0	0	209	0	0	1	0	0	0	0	0	0	255	255	255	255	255	255	255	255	255	255	0	0	0	0	0	0	0	10000	255	255	0	0	0	0	0	0	10000	98	-1	-1	1	548985600	3	-1	-1	-1	0	474	0	0	0	http://zhidao.baidu.com/question/428217786.html
1	"��"����	543862	548	544937	191	461042	298540	0	0	0	0	0	0	0	0	0	3	0	0	0	0	0	0	0	0	0	0	0	0	0	0	0	0	0	1375	0	0	0	0	9334	0	0	1	0	0	0	0	0	0	255	255	255	255	255	255	255	255	255	255	0	0	0	0	0	0	0	10000	255	255	8942	638	58	1	0	0	10000	102	-1	-1	1	527904000	2	-1	-1	-1	0	779	48	0	2	http://blog.sina.com.cn/s/blog_6aa882fa0100uiry.html
2	"��"����	108857	452	546975	48	464485	292970	0	0	0	0	0	0	0	0	0	2	0	0	0	0	0	0	0	0	0	0	0	0	0	0	0	0	4	1981	0	0	0	0	9873	0	0	3	0	0	0	0	0	0	255	255	255	255	255	255	255	255	255	255	0	0	0	0	0	0	0	10000	255	255	0	0	0	0	0	0	1107	80	-1	-1	1	539395200	2	-1	-1	-1	0	779	48	0	1	http://home.sanwen8.cn/354744/xinzhongdideng
3	"��"����	730751	567	557115	295	507594	342723	0	0	0	0	0	2	0	0	0	2	1	0	0	0	0	0	0	0	0	0	0	0	1	0	0	0	5	1290	0	0	0	0	6528	0	0	3	0	0	3	0	0	4	107	48	105	140	255	255	255	255	255	255	0	0	0	0	0	0	0	10000	41	16	9117	1815	2576	0	0	0	1200	73	-1	-1	1	543196800	2	-1	-1	-1	0	779	48	0	1	http://sanwen8.cn/zuowen/deng/
1	"��"����	86680	475	530264	166	457040	298566	0	0	0	0	0	0	0	0	0	5	0	0	0	0	0	0	0	0	0	0	0	0	0	0	0	0	4	1417	0	0	0	0	9303	0	0	3	0	0	0	0	0	0	255	255	255	255	255	255	255	255	255	255	0	0	0	0	0	0	0	10000	255	255	8284	258	6	0	0	0	1200	80	-1	-1	0	533174400	2	-1	-1	-1	0	779	48	0	2	http://tool.xdf.cn/zw/result_dx1.html
2	"��"����	913808	492	558385	247	466044	305389	0	0	0	0	0	0	0	0	0	4	0	0	0	0	1	0	0	0	0	0	0	0	0	0	0	0	5	1472	0	0	0	0	10000	0	0	1	0	0	0	0	0	0	255	255	255	255	255	255	255	255	255	255	0	0	0	0	0	0	0	10000	255	255	3992	185	46	0	0	0	10000	85	-1	-1	1	492998400	2	-1	-1	-1	0	779	48	0	3	http://wenwen.soso.com/z/q214096107.htm
2	"��"����	1558648	417	524062	312	458855	264688	0	0	0	0	0	0	0	0	0	3	0	0	0	0	0	0	0	0	0	0	0	0	0	0	0	0	4	1588	0	0	0	0	8760	0	0	3	0	0	0	0	0	0	255	255	255	255	255	255	255	255	255	255	0	0	0	0	0	0	0	10000	255	255	275	2	1	0	0	0	644	80	-1	-1	1	551059200	2	-1	-1	-1	0	779	48	0	1	http://www.51edu.com/zuowen/chuzhong/chusan/2702262.html
1	"��"����	1353097	368	516765	104	439075	264517	0	0	0	0	0	0	0	0	0	3	0	0	0	0	0	0	0	0	0	0	0	0	0	0	0	0	5	1768	0	0	0	0	8684	0	0	3	0	0	0	0	0	0	255	255	255	255	255	255	255	255	255	255	0	0	0	0	0	0	0	10000	36	10	3683	120	2	0	0	0	10000	80	-1	-1	1	465868800	2	-1	-1	-1	0	779	48	0	4	http://www.51test.net/show/952701.html
2	"��"����	963028	458	574783	116	472367	318502	0	0	0	0	0	0	0	0	0	3	0	0	0	0	0	0	0	0	0	0	0	0	0	0	0	0	4	1425	0	0	0	0	9660	0	0	3	0	0	0	0	0	0	255	255	255	255	255	255	255	255	255	255	0	0	0	0	0	0	0	10000	255	255	1840	60	16	0	0	0	1333	80	-1	-1	0	553132800	2	-1	-1	-1	0	779	48	0	1	http://www.chddh.com/wenzi/html/12961.html
1	"��"����	1764557	412	532951	52	447203	284313	0	0	0	0	0	0	0	0	0	2	0	0	0	0	0	0	0	0	0	0	0	0	0	0	0	0	5	1824	0	0	0	0	8888	0	0	3	0	0	0	0	0	0	255	255	255	255	255	255	255	255	255	255	0	0	0	0	0	0	0	10000	255	255	0	0	1	0	0	0	10000	80	-1	-1	0	575683200	2	-1	-1	-1	0	779	48	0	0	http://www.diyifanwen.com/zuowen/xiaoxuezuowen/xxwnj/200909914053400151016264.htm
2	"��"����	123460	525	567048	277	460759	267486	0	0	0	0	0	0	0	0	0	4	0	0	0	0	0	0	0	0	0	0	0	0	0	0	0	0	5	1333	6036	0	0	0	10000	0	0	2	0	0	0	0	0	0	255	255	255	255	255	255	255	255	255	255	0	0	0	0	0	0	0	10000	255	255	953	21	45	0	0	0	10000	80	-1	-1	1	571190400	2	-1	-1	-1	0	779	48	0	0	http://www.doc88.com/p-782388667614.html
2	"��"����	513183	463	518487	192	456868	269164	0	0	0	0	0	0	0	0	0	4	0	0	0	0	0	0	0	0	0	0	0	0	1	0	0	0	5	0	0	0	0	0	10000	0	0	3	0	0	0	0	0	0	99	66	85	144	255	255	255	255	255	255	0	0	0	0	0	0	0	10000	255	255	1965	122	125	0	0	0	10000	67	-1	-1	1	571017600	2	-1	-1	-1	0	779	48	0	0	http://www.duanwenxue.com/tag/3271.html
2	"��"����	506892	490	537608	212	490858	291786	0	0	0	0	0	0	0	0	0	3	0	0	0	0	0	0	0	0	0	0	0	0	0	0	0	0	4	1830	0	0	0	0	8189	0	0	3	0	0	0	0	0	0	255	255	255	255	255	255	255	255	255	255	0	0	0	0	0	0	0	10000	37	11	9742	1820	850	0	0	0	1332	67	-1	-1	1	541036800	2	-1	-1	-1	0	779	48	0	1	http://www.easyzw.com/html/chuerzuowen/2012/0223/136461.html
2	"��"����	443081	554	570504	145	489217	312320	0	0	0	0	0	0	0	0	0	5	0	0	0	0	0	0	0	0	0	0	0	0	0	0	0	0	5	1690	6984	0	0	0	10000	0	0	3	0	0	0	0	0	0	255	255	255	255	255	255	255	255	255	255	0	0	0	0	0	0	0	10000	41	19	7445	1102	639	0	0	0	10000	80	-1	-1	1	442281600	2	-1	-1	-1	0	779	48	0	4	http://www.exam8.com/zuowen/zuowen/chuzhong/youxiu/200901/739229.html
2	"��"����	1625461	501	553107	0	470192	279447	0	0	0	0	0	0	0	0	0	2	0	0	0	0	0	0	0	0	0	0	0	0	0	0	0	0	4	0	0	0	0	0	10000	0	0	3	0	0	0	0	0	0	255	255	255	255	255	255	255	255	255	255	0	0	0	0	0	0	0	10000	255	255	0	0	0	0	0	0	552	80	-1	-1	1	588470400	2	-1	-1	-1	0	779	48	0	0	http://www.fwsir.com/fanwen/HTML/fanwen_20130825222157_224302.html
2	"��"����	1685921	433	543524	0	436485	282600	0	0	0	0	0	0	0	0	0	2	0	0	0	0	0	0	0	0	0	0	0	0	0	0	0	0	4	1367	0	0	0	0	10000	0	0	3	0	0	0	0	0	0	255	255	255	255	255	255	255	255	255	255	0	0	0	0	0	0	0	10000	255	255	0	0	0	0	0	0	602	137	-1	-1	1	533779200	2	-1	-1	-1	0	779	48	0	2	http://www.govyi.com/zuowen/xx/2011/2011-12-01/20111201103403_1171894.shtml
2	"��"����	2284283	398	562735	0	457818	339781	0	0	0	0	1	3	0	0	0	0	0	0	0	0	0	0	0	0	0	0	0	0	0	0	0	0	0	1601	0	0	0	0	3712	0	0	3	0	0	0	0	0	0	255	255	255	255	255	255	255	255	255	255	0	0	0	0	0	0	0	10000	255	255	0	0	0	0	0	0	10000	80	-1	-1	1	583804800	2	-1	-1	-1	0	779	48	0	0	http://www.hnjobw.com/cnzzc/j6jmfe8ed426ikmz.html
2	"��"����	1599870	472	543989	0	448208	268385	0	0	0	0	0	0	0	0	0	1	0	0	0	0	0	0	0	0	0	0	0	0	0	0	0	1	4	1476	0	0	0	0	10000	0	0	3	0	0	0	0	0	0	255	255	255	255	255	255	255	255	255	255	0	0	0	0	0	0	0	10000	255	255	0	0	5	0	0	0	652	80	-1	-1	1	534124800	2	-1	-1	-1	0	779	48	0	2	http://www.ishuo.cn/zuowen/25933/woyudiandeng.html
2	"��"����	263056	422	544401	347	457818	287380	0	0	0	0	0	0	0	0	0	4	0	0	0	0	0	0	0	0	0	0	0	0	0	0	0	0	4	1529	0	0	0	0	7960	0	0	3	0	0	0	0	0	0	255	255	255	255	255	255	255	255	255	255	0	0	0	0	0	0	0	10000	255	255	935	34	8	0	0	0	1233	600	-1	-1	1	569030400	2	-1	-1	-1	0	779	48	0	0	http://www.kj-cy.cn/htm/2013112/16430.htm
2	"��"����	518660	475	554748	183	473707	274663	0	0	0	0	0	0	0	0	0	2	0	0	0	0	0	0	0	0	0	0	0	0	0	0	0	0	4	1525	0	0	0	0	9873	0	0	3	0	0	0	0	0	0	255	255	255	255	255	255	255	255	255	255	0	0	0	0	0	0	0	10000	255	255	9984	391	2	0	0	0	894	63	-1	-1	0	570672000	2	-1	-1	-1	0	779	48	0	0	http://www.mcqyy.com/liunianji/xieren/38618.html
2	"��"����	846163	501	550197	219	487851	318533	0	0	0	0	0	0	0	0	0	3	0	0	0	0	0	0	0	0	0	0	0	0	0	0	0	1	5	1758	0	0	0	0	9660	0	0	3	0	0	0	0	0	0	115	80	138	111	255	255	255	255	255	255	0	0	0	0	0	0	0	10000	255	255	9367	0	1	0	0	0	639	99	-1	-1	0	581472000	2	-1	-1	-1	0	779	48	0	0	http://www.t262.com/zuowen/35/210996.html
2	"��"����	1898702	397	560306	146	445662	310227	0	0	0	0	0	0	0	0	0	3	0	0	0	0	0	0	0	0	0	0	0	0	0	0	0	0	5	1328	0	0	0	0	8906	0	0	3	0	0	0	0	0	0	255	255	255	255	255	255	255	255	255	255	0	0	0	0	0	0	0	10000	255	255	1861	1	4	1	0	0	10000	51	-1	-1	1	595468800	2	-1	-1	-1	0	779	48	0	0	http://www.tom61.com/youxiuzuowen/xiaoxueliunianjizuowen/2013-11-14/1384402173251381.html
1	"��"����	107449	449	557859	72	446480	286486	0	0	0	0	0	0	0	0	0	5	1	0	0	0	0	0	0	0	0	0	0	0	0	0	0	0	4	1818	0	0	0	0	10000	0	0	3	0	0	0	0	0	0	87	53	58	174	255	255	255	255	255	255	0	0	0	0	0	0	0	10000	255	255	1402	34	19	0	0	0	873	80	-1	-1	0	586051200	2	-1	-1	-1	0	779	48	0	0	http://www.xiaogushi.com/zuowen/zhuan/dengpao/
2	"��"����	1479787	458	546699	0	437308	313083	0	0	0	0	0	0	0	0	0	4	0	0	0	0	0	0	0	0	0	0	0	0	1	0	0	0	4	1375	0	0	0	0	10000	0	0	3	0	0	0	0	0	0	255	255	255	255	255	255	255	255	255	255	0	0	0	0	0	0	0	10000	255	255	0	0	6	0	0	0	290	80	-1	-1	0	480556800	2	-1	-1	-1	0	779	48	0	3	http://www.yxtvg.com/zwyd/cs/csswzw/159818.html
1	"��"����	783487	409	550900	0	464052	307736	0	0	0	0	0	0	0	0	0	2	0	0	0	0	0	0	0	0	0	0	0	0	0	0	0	0	5	2153	0	0	0	0	8383	0	0	3	0	0	0	0	0	0	255	255	255	255	255	255	255	255	255	255	0	0	0	0	0	0	0	10000	50	14	0	0	1	1	0	0	10000	80	-1	-1	1	483667200	2	-1	-1	-1	0	779	48	0	3	http://www.zuowen.com/e/20100430/4bda8eeaa0205.shtml
1	"��"����	775536	403	534906	167	441541	260877	0	0	0	0	0	0	0	0	0	3	0	0	0	0	0	0	0	0	0	0	0	0	0	0	0	0	4	1857	0	0	0	0	9095	0	0	3	0	0	0	0	0	0	255	255	255	255	255	255	255	255	255	255	0	0	0	0	0	0	0	10000	255	255	6251	458	44	1	0	0	601	36	-1	-1	1	543542400	2	-1	-1	-1	0	779	48	0	1	http://www.zuowenren.com/chuzhong/chuer/032315Z152012.html
2	"��"����	1606920	440	515361	0	442454	285212	0	0	0	0	0	0	0	0	0	2	0	0	0	0	0	0	0	0	0	0	0	0	0	0	0	0	5	1746	0	0	0	0	9303	0	0	3	0	0	0	0	0	0	255	255	255	255	255	255	255	255	255	255	0	0	0	0	0	0	0	10000	255	255	0	0	11	1	0	0	10000	151	-1	-1	1	424656000	2	-1	-1	-1	0	779	48	0	5	http://www.zww.cn/zuowen/html/41/226479.htm
2	"��"����	1164729	608	609383	200	525279	382638	0	0	0	0	0	0	0	0	0	3	0	0	1	0	0	0	0	0	0	0	0	0	0	0	0	0	6	1724	0	0	0	0	10000	0	0	1	0	0	0	0	0	0	255	255	255	255	255	255	255	255	255	255	0	0	0	0	0	0	0	10000	70	24	9984	1142	168	0	0	0	10000	80	-1	-1	1	513302400	2	-1	-1	-1	0	779	48	0	2	http://zhidao.baidu.com/question/249492877.html
2	"��"����	2004362	448	554505	0	467290	326355	0	0	0	0	0	0	0	0	0	2	1	0	0	0	0	0	0	0	0	0	0	0	0	0	0	0	4	1796	0	0	0	0	9394	0	0	3	0	0	0	0	0	0	255	255	255	255	255	255	255	255	255	255	0	0	0	0	0	0	0	10000	255	255	0	0	0	0	0	0	857	80	-1	-1	0	597024000	2	-1	-1	-1	0	779	48	0	0	http://zuowen.chazidian.com/zuowen_心灯的作文/
2	"��"����	1394331	467	592949	0	458586	347850	0	0	0	0	0	0	0	0	0	2	0	0	0	0	0	0	0	0	0	0	0	0	0	0	0	0	4	1956	0	0	0	0	10000	0	0	3	0	0	0	0	0	0	255	255	255	255	255	255	255	255	255	255	0	0	0	0	0	0	0	10000	255	255	0	0	25	0	0	0	1200	80	-1	-1	0	593740800	2	-1	-1	-1	0	779	48	0	0	http://zuowen.sanwen.net/zt/c4ca6a2c33e3924655cb2317d733de36
2	"��ͻ"����	1717665	296	501370	0	456173	261793	0	0	0	0	0	0	0	0	0	2	0	0	0	0	0	0	0	0	0	0	0	0	0	0	0	0	3	0	0	0	0	0	7816	0	0	3	0	0	0	0	0	0	255	255	255	255	255	255	255	255	255	255	0	0	0	0	0	0	0	10000	255	255	0	0	0	0	0	0	10000	105	-1	-1	1	578275200	2	-1	-1	-1	0	596	20	0	0	http://baidu.v.ifeng.com/kan/ZNZW/SE4Z
1	"��ͻ"����	1389865	429	477250	237	498619	232524	0	0	0	0	0	2	0	0	0	3	0	1	0	0	0	0	0	0	1	0	0	0	0	0	0	0	6	0	0	0	0	0	14	0	0	3	0	0	0	0	0	0	167	143	171	79	255	255	255	255	255	255	0	0	0	0	0	0	0	10000	57	52	9693	1937	2316	0	0	0	10000	92	-1	-1	1	595123200	2	-1	-1	-1	0	596	20	0	0	http://baike.baidu.com/view/2633270.htm
1	"��ͻ"����	674911	409	510050	203	468889	237077	0	0	0	0	0	0	0	0	0	1	0	0	0	0	0	0	0	0	0	0	0	0	0	0	0	0	5	0	0	0	0	0	7212	0	0	1	0	0	0	0	0	0	255	255	255	255	255	255	255	255	255	255	0	0	0	0	0	0	0	10000	52	50	8533	1386	559	1	0	0	10000	79	-1	-1	1	420249600	2	-1	-1	-1	0	596	20	0	5	http://bbs.tiexue.net/post2_2741341_1.html
1	"��ͻ"����	3210475	324	490922	0	429678	251699	0	0	0	0	0	0	0	0	0	3	0	0	0	0	0	0	0	0	0	0	1	0	0	0	0	0	4	0	0	0	0	0	4775	0	0	3	0	0	0	0	0	0	255	255	255	255	255	255	255	255	255	255	0	0	0	0	0	0	0	10000	255	255	0	0	0	1	0	0	1200	206	-1	-1	1	604886400	2	-1	-1	-1	0	596	20	0	-1	http://china.caixin.com/2014-03-03/100646112.html
2	"��ͻ"����	2558442	307	491195	0	435996	263894	0	0	0	0	0	0	0	0	0	3	0	0	0	0	0	0	0	0	0	0	0	0	0	0	0	0	5	0	0	0	0	0	3649	0	0	3	0	0	0	0	0	0	255	255	255	255	255	255	255	255	255	255	0	0	0	0	0	0	0	10000	255	255	886	1	0	0	0	0	10000	175	-1	-1	1	604972800	2	-1	-1	-1	0	596	20	0	-1	http://lt.cjdby.net/thread-1796537-1-1.html
1	"��ͻ"����	2381473	327	492584	0	431542	260979	0	0	0	0	0	0	0	0	0	4	0	0	0	0	0	0	0	0	0	0	1	0	0	0	0	0	3	0	0	0	0	0	5529	0	0	3	0	0	0	0	0	0	255	255	255	255	255	255	255	255	255	255	0	0	0	0	0	0	0	10000	255	255	0	0	0	0	0	0	10000	80	-1	-1	1	604972800	2	-1	-1	-1	0	596	20	0	-1	http://lw.fccs.com/news/201403/4193775.shtml
1	"��ͻ"����	538787	373	520282	49	434420	307089	0	0	0	0	0	0	0	0	0	4	0	0	0	0	0	0	0	0	0	0	1	0	0	0	0	0	4	0	0	0	0	0	5395	0	0	3	0	0	0	0	0	0	255	255	255	255	255	255	255	255	255	255	0	0	0	0	0	0	0	10000	255	255	0	0	123	1	0	0	961	80	-1	-1	1	578275200	2	-1	-1	-1	0	596	20	0	0	http://ndnews.oeeee.com/html/201304/29/55076.html
2	"��ͻ"����	2739077	342	491232	0	428809	242032	0	0	0	0	0	0	0	0	0	2	0	0	0	0	0	0	0	0	0	0	1	0	0	0	0	0	5	0	0	0	0	0	6319	0	0	3	0	0	0	0	0	0	255	255	255	255	255	255	255	255	255	255	0	0	0	0	0	0	0	10000	255	255	0	0	0	0	0	0	973	80	-1	-1	1	604972800	2	-1	-1	-1	0	596	20	0	-1	http://news.hexun.com/2014-03-04/162678122.html
1	"��ͻ"����	273232	364	515895	0	442153	301119	0	105	0	0	0	0	0	0	0	1	0	0	0	0	0	0	0	0	0	0	1	0	0	0	0	0	5	0	0	0	0	0	6148	0	0	3	0	0	0	0	0	0	255	255	255	255	255	255	255	255	255	255	0	0	0	0	0	0	0	10000	255	255	258	5	150	0	0	0	10000	80	-1	-1	1	578275200	2	-1	-1	-1	0	596	20	0	0	http://news.ifeng.com/mainland/detail_2013_04/29/24803073_0.shtml
1	"��ͻ"����	2424910	316	491232	0	443991	207856	0	0	0	0	0	0	0	0	0	3	0	0	0	0	0	0	0	0	0	0	1	0	0	0	0	0	6	0	0	0	0	0	6319	0	0	3	0	0	0	0	0	0	255	255	255	255	255	255	255	255	255	255	0	0	0	0	0	0	0	10000	255	255	0	0	0	0	0	0	10000	183	-1	-1	1	604886400	2	-1	-1	-1	0	596	20	0	-1	http://news.qq.com/a/20140303/020942.htm
1	"��ͻ"����	2683826	335	497629	0	463435	205480	0	0	0	0	0	0	0	0	0	1	0	0	0	0	0	0	0	0	0	0	1	0	0	0	0	0	5	0	0	0	0	0	7485	0	0	3	0	0	0	0	0	0	255	255	255	255	255	255	255	255	255	255	0	0	0	0	0	0	0	10000	255	255	0	0	0	0	0	0	10000	80	-1	-1	1	604972800	2	-1	-1	-1	0	596	20	0	-1	http://news.sina.com.cn/c/2014-03-04/044029614199.shtml
1	"��ͻ"����	3397706	317	507608	0	427395	238761	0	0	0	0	0	0	0	0	0	3	0	0	0	0	0	0	0	0	0	0	1	0	0	0	0	0	2	0	0	0	0	0	7184	0	0	3	0	0	0	0	0	0	255	255	255	255	255	255	255	255	255	255	0	0	0	0	0	0	0	10000	255	255	0	0	0	0	0	0	455	80	-1	-1	1	604886400	2	-1	-1	-1	0	596	20	0	-1	http://news.uschinapress.com/2014/0303/970649_2.shtml
1	"��ͻ"����	2894528	324	484437	0	429706	239119	0	0	0	0	0	0	0	0	0	1	0	0	0	0	0	0	0	0	0	0	1	0	0	0	0	0	4	0	0	0	0	0	5395	0	0	3	0	0	0	0	0	0	255	255	255	255	255	255	255	255	255	255	0	0	0	0	0	0	0	10000	255	255	0	0	0	0	0	0	865	80	-1	-1	1	605059200	2	-1	-1	-1	0	596	20	0	-1	http://news.yesky.com/hot/370/36273870.shtml
1	"��ͻ"����	2901042	302	520514	0	442978	288100	0	0	0	0	0	0	0	0	0	2	0	0	0	0	0	0	0	0	0	0	1	0	0	0	0	0	4	0	0	0	0	0	4775	0	0	3	0	0	0	0	0	0	255	255	255	255	255	255	255	255	255	255	0	0	0	0	0	0	0	10000	255	255	0	0	0	0	0	0	865	92	-1	-1	1	604972800	2	-1	-1	-1	0	596	20	0	-1	http://news.yesky.com/hot/413/36257913.shtml
2	"��ͻ"����	2453139	468	521716	271	448254	232623	0	0	0	0	0	0	0	0	0	2	0	0	0	0	0	0	0	0	0	0	1	0	0	0	0	0	4	0	0	0	0	0	9897	0	0	3	0	0	0	0	0	0	255	255	255	255	255	255	255	255	255	255	0	0	0	0	0	0	0	10000	255	255	1159	0	0	0	0	0	1200	80	-1	-1	0	604886400	2	-1	-1	-1	0	596	20	0	-1	http://tag.163.com/news/117/117111/1.html
1	"��ͻ"����	2988654	398	530519	142	498748	246321	0	0	0	0	0	0	0	0	0	5	0	0	0	0	0	0	0	0	0	0	0	0	0	0	0	0	6	0	0	0	0	0	8924	0	0	1	0	0	0	0	0	0	255	255	255	255	255	255	255	255	255	255	0	0	0	0	0	0	0	10000	255	255	3849	0	1	0	0	0	10000	80	-1	-1	1	604972800	2	-1	-1	-1	0	596	20	0	-1	http://tieba.baidu.com/p/2900416092
2	"��ͻ"����	906330	559	530685	236	480741	294523	0	0	0	0	0	1	0	0	0	2	0	0	0	0	0	0	0	0	1	0	0	0	0	0	0	0	4	0	0	0	0	0	4404	0	0	3	0	0	0	0	0	0	134	51	94	152	255	255	255	255	255	255	0	0	0	0	0	0	0	10000	255	255	8291	80	4	0	0	0	1068	88	-1	-1	1	457142400	2	-1	-1	-1	0	596	20	0	4	http://tupian.baike.com/a1_32_76_01300000353865124609768369726_jpg.html
2	"��ͻ"����	3028648	308	484117	285	432186	242372	0	0	0	0	0	1	0	0	0	2	0	0	0	0	0	0	0	0	0	0	1	0	0	0	0	0	5	0	0	0	0	0	2347	0	0	3	0	0	0	0	0	0	112	21	49	171	255	255	255	255	255	255	0	0	0	0	0	0	0	10000	255	255	0	0	0	0	0	0	10000	109	-1	-1	1	604886400	2	-1	-1	-1	0	596	20	0	-1	http://v.ifeng.com/news/mainland/2014003/01514806-bc5a-44bc-bd35-5458bb1bef1b.shtml
1	"��ͻ"����	2823032	378	528529	0	448958	264576	0	0	0	0	0	0	0	0	0	1	0	0	0	0	0	0	0	0	0	0	1	0	0	0	0	0	4	0	0	0	0	0	8760	0	0	3	0	0	0	0	0	0	255	255	255	255	255	255	255	255	255	255	0	0	0	0	0	0	0	10000	255	255	0	0	0	0	0	0	10000	126	-1	-1	1	604972800	2	-1	-1	-1	0	596	20	0	-1	http://wb.sznews.com/html/2014-03/04/content_2794133.htm
2	"��ͻ"����	2848428	370	545052	0	472737	278495	0	0	0	0	0	0	0	0	0	3	0	0	0	0	0	0	0	0	0	0	0	0	0	0	0	0	5	0	0	0	0	0	7960	0	0	1	0	0	0	0	0	0	255	255	255	255	255	255	255	255	255	255	0	0	0	0	0	0	0	10000	255	255	0	0	0	0	0	0	10000	303	-1	-1	1	605059200	2	-1	-1	-1	0	596	20	0	-1	http://www.56.com/w45/album-aid-12255957.html
2	"��ͻ"����	1841231	262	418892	222	436640	314991	0	209	0	0	0	5	0	0	0	5	0	0	0	0	0	0	0	0	2	0	0	0	1	0	0	0	5	0	0	0	0	0	604	0	0	3	0	0	0	0	0	0	178	124	113	140	255	255	255	255	255	255	0	0	0	0	0	0	0	10000	255	255	2917	376	0	0	0	0	10000	99	-1	-1	1	578361600	2	-1	-1	-1	0	596	20	0	0	http://www.baike.com/wiki/东突
2	"��ͻ"����	2381294	569	547279	289	471237	235083	0	0	0	0	0	0	0	0	0	3	1	0	0	0	0	0	0	0	0	0	1	0	0	0	0	0	4	0	0	0	0	0	10000	0	0	3	0	0	0	0	0	0	85	49	33	190	255	255	255	255	255	255	0	0	0	0	0	0	0	10000	255	255	3333	31	7	0	0	0	1291	80	-1	-1	0	604972800	2	-1	-1	-1	0	596	20	0	-1	http://www.chazidian.com/cidian/922606/
1	"��ͻ"����	1506330	357	478486	0	444585	257518	0	0	0	0	0	0	0	0	0	2	0	0	0	0	0	0	0	0	0	0	1	0	0	0	0	0	5	0	0	0	0	0	5233	0	0	3	0	0	0	0	0	0	255	255	255	255	255	255	255	255	255	255	0	0	0	0	0	0	0	10000	255	255	0	0	41	0	0	0	10000	80	-1	-1	1	578275200	2	-1	-1	-1	0	596	20	0	0	http://www.chinanews.com/shipin/2013/04-29/news208807.shtml
2	"��ͻ"����	2859042	329	505714	0	405783	258489	0	0	0	0	0	0	0	0	0	5	0	0	0	0	0	0	0	0	0	0	1	0	0	0	0	0	5	0	0	0	0	0	6452	0	0	3	0	0	0	0	0	0	255	255	255	255	255	255	255	255	255	255	0	0	0	0	0	0	0	10000	255	255	0	0	0	0	0	0	10000	80	-1	-1	1	605059200	2	-1	-1	-1	0	596	20	0	-1	http://www.hbrc.com/rczx/shownews-4819232.html
1	"��ͻ"����	2702902	348	495713	0	437907	262796	0	0	0	0	0	0	0	0	0	2	0	0	0	0	0	0	0	0	0	0	1	0	0	0	0	0	3	0	0	0	0	0	6148	0	0	3	0	0	0	0	0	0	255	255	255	255	255	255	255	255	255	255	0	0	0	0	0	0	0	10000	255	255	0	0	0	0	0	0	1056	80	-1	-1	1	605059200	2	-1	-1	-1	0	596	20	0	-1	http://www.sitescrossing.com/news19018880.htm
1	"��ͻ"����	2555132	477	491782	98	480406	224656	0	0	0	0	0	0	0	0	0	5	0	0	0	0	0	0	0	0	0	0	1	0	0	0	0	0	4	0	0	0	0	0	8466	0	0	3	0	0	0	0	0	0	137	58	81	156	255	255	255	255	255	255	0	0	0	0	0	0	0	10000	255	255	5358	0	0	0	0	0	769	18	-1	-1	0	604972800	2	-1	-1	-1	0	596	20	0	-1	http://www.tripbaba.com/viewnews-3263.html
1	"��ͻ"����	2404693	340	483173	0	442430	238803	0	0	0	0	0	0	0	0	0	2	0	0	0	0	0	0	0	0	0	0	1	0	0	0	0	0	5	0	0	0	0	0	6319	0	0	3	0	0	0	0	0	0	255	255	255	255	255	255	255	255	255	255	0	0	0	0	0	0	0	10000	255	255	0	0	0	1	0	0	10000	80	-1	-1	1	604972800	2	-1	-1	-1	0	596	20	0	-1	http://www.v1.cn/2014-03-04/1017918.shtml
0	"������ �г���Ϊһ��˫�н�	1790370	45	311019	0	391518	228477	0	0	0	0	0	0	0	0	0	5	0	0	0	0	0	0	0	0	0	0	1	0	0	0	0	0	4	0	0	14	15	0	130	0	0	3	0	0	0	0	0	0	255	255	255	255	255	255	255	255	255	255	0	0	0	0	0	0	0	10000	255	255	0	0	0	0	0	0	1067	80	-1	-1	1	428544000	7	-1	-1	-1	0	26	1	0	4	http://auto.shangdu.com/show.aspx?id=44051
0	"������ �г���Ϊһ��˫�н�	1296626	109	254937	138	457572	323957	0	5	0	0	0	11	0	0	0	6	0	1	0	0	0	0	0	0	9	0	0	0	0	0	0	0	6	0	0	31	34	0	0	0	0	3	0	0	0	0	0	0	203	175	124	127	255	255	255	255	255	255	0	0	0	0	0	0	0	10000	255	255	1359	87	0	0	0	0	10000	471	-1	-1	1	574819200	7	-1	-1	-1	0	26	1	0	0	http://baike.baidu.com/view/129960.htm
0	"������ �г���Ϊһ��˫�н�	1806750	92	336661	0	418333	191835	0	0	0	0	0	0	0	0	0	3	0	0	0	0	0	0	0	0	0	0	1	0	0	0	0	0	4	0	0	32	35	0	129	0	0	3	0	0	0	0	0	0	255	255	255	255	255	255	255	255	255	255	0	0	0	0	0	0	0	10000	255	255	0	0	0	0	0	0	10000	80	-1	-1	1	568857600	7	-1	-1	-1	0	26	1	0	0	http://club.china.alibaba.com/threadview/33549020.html
0	"������ �г���Ϊһ��˫�н�	1890813	18	244454	0	380094	221599	0	0	0	0	0	0	0	0	0	4	0	0	0	0	0	0	0	0	0	0	0	0	0	0	0	0	4	0	0	35	39	0	114	0	0	3	0	0	0	0	0	0	255	255	255	255	255	255	255	255	255	255	0	0	0	0	0	0	0	10000	255	255	0	0	0	0	0	0	651	80	-1	-1	1	276048000	7	-1	-1	-1	0	26	1	0	8	http://detail.bookuu.com/0981316.html
0	"������ �г���Ϊһ��˫�н�	326481	59	316629	0	413114	214600	0	0	0	0	0	0	0	0	0	3	0	0	0	0	0	0	0	0	0	0	1	0	0	0	0	0	6	0	0	21	23	0	129	0	0	3	0	0	0	0	0	0	255	255	255	255	255	255	255	255	255	255	0	0	0	0	0	0	0	10000	255	255	0	0	0	0	0	0	10000	80	-1	-1	1	440640000	7	-1	-1	-1	0	26	1	0	4	http://finance.sina.com.cn/money/nmetal/20081218/12225653994.shtml
0	"������ �г���Ϊһ��˫�н�	2015667	80	246805	0	450599	212999	0	0	0	0	0	0	0	0	0	4	0	0	0	0	0	0	0	0	0	0	1	0	0	0	0	0	4	0	0	0	0	0	113	0	0	3	0	0	0	0	0	0	255	255	255	255	255	255	255	255	255	255	0	0	0	0	0	0	0	10000	255	255	0	0	0	1	0	0	1383	80	-1	-1	1	277430400	7	-1	-1	-1	0	26	1	0	8	http://gzrb.gog.com.cn/system/2003/10/17/000480159.shtml
0	"������ �г���Ϊһ��˫�н�	1520332	69	314101	0	411929	216655	0	0	0	0	0	0	0	0	0	2	0	0	0	0	0	0	0	0	0	0	1	0	0	0	0	0	3	0	0	20	22	0	127	0	1	3	0	0	0	0	0	0	255	255	255	255	255	255	255	255	255	255	0	0	0	0	0	0	0	10000	255	255	0	0	0	0	0	0	632	80	-1	-1	1	508723200	7	-1	-1	-1	0	26	1	0	2	http://info.gift.hc360.com/2011/02/141541346172.shtml
0	"������ �г���Ϊһ��˫�н�	643486	27	321728	0	394145	230709	0	5	0	0	0	0	0	0	0	5	1	0	0	0	0	0	0	0	8	0	1	0	0	0	0	0	4	0	0	15	17	0	129	0	1	3	0	0	6	0	0	2	255	255	255	255	255	255	255	255	255	255	0	0	0	0	0	0	0	10000	255	255	108	0	0	0	0	0	670	83	-1	-1	0	569203200	7	-1	-1	-1	0	26	1	0	0	http://info.plas.hc360.com/zt/a22/index.shtml
0	"������ �г���Ϊһ��˫�н�	2203794	69	313337	0	413228	203287	0	0	0	0	0	0	0	0	0	3	0	0	0	0	0	0	0	0	0	0	1	0	0	0	0	0	3	0	0	0	0	0	124	0	0	3	0	0	0	0	0	0	255	255	255	255	255	255	255	255	255	255	0	0	0	0	0	0	0	10000	255	255	0	0	0	0	0	0	1085	80	-1	-1	1	574387200	7	-1	-1	-1	0	26	1	0	0	http://market.c114.net/220/a752476.html
0	"������ �г���Ϊһ��˫�н�	2114151	77	244224	0	451916	213272	0	0	0	0	0	0	0	0	0	3	0	0	0	0	0	0	0	0	0	0	1	0	0	0	0	0	5	0	0	40	44	0	113	0	0	3	0	0	0	0	0	0	255	255	255	255	255	255	255	255	255	255	0	0	0	0	0	0	0	10000	255	255	0	0	0	0	0	0	10000	80	-1	-1	1	277430400	7	-1	-1	-1	0	26	1	0	8	http://news.sina.com.cn/o/2003-10-17/0933937238s.shtml
0	"������ �г���Ϊһ��˫�н�	2029569	73	245959	0	446785	207423	0	0	0	0	0	0	0	0	0	3	0	0	0	0	0	0	0	0	0	0	1	0	0	0	0	0	6	0	0	40	45	0	113	0	0	3	0	0	0	0	0	0	255	255	255	255	255	255	255	255	255	255	0	0	0	0	0	0	0	10000	255	255	0	0	0	0	0	0	10000	80	-1	-1	1	277430400	7	-1	-1	-1	0	26	1	0	8	http://news.sohu.com/25/24/news214552425.shtml
0	"������ �г���Ϊһ��˫�н�	1842283	50	312649	0	410516	229011	0	0	0	0	0	0	0	0	0	3	0	0	0	0	0	0	0	0	1	0	1	0	0	0	0	0	3	0	0	0	0	0	127	0	0	3	0	0	0	0	0	0	255	255	255	255	255	255	255	255	255	255	0	0	0	0	0	0	0	10000	255	255	0	0	0	0	0	0	10000	80	-1	-1	1	550195200	7	-1	-1	-1	0	26	1	0	0	http://news.taiyuan.soufun.com/2012-06-08/7849115.htm
0	"������ �г���Ϊһ��˫�н�	1941052	58	296734	0	426420	245658	0	8	0	0	0	2	0	0	0	3	0	0	0	0	0	0	0	0	0	0	1	0	0	0	0	0	5	0	0	48	52	0	0	0	0	3	0	0	0	0	0	0	255	255	255	255	255	255	255	255	255	255	0	0	0	0	0	0	0	10000	255	255	0	0	0	0	0	0	1200	80	-1	-1	1	414720000	7	-1	-1	-1	0	26	1	0	5	http://news.xinhuanet.com/fortune/2008-02/22/content_7644728.htm
0	"������ �г���Ϊһ��˫�н�	1484535	60	328595	0	404057	211179	0	0	0	0	0	0	0	0	0	4	0	0	0	0	0	0	0	0	0	0	1	0	0	0	0	0	5	0	0	35	39	0	129	0	0	3	0	0	0	0	0	0	255	255	255	255	255	255	255	255	255	255	0	0	0	0	0	0	0	10000	255	255	0	0	0	0	0	0	10000	80	-1	-1	1	538099200	7	-1	-1	-1	0	26	1	0	1	http://tech.qq.com/a/20120120/000003.htm
1	"������ �г���Ϊһ��˫�н�	1588319	111	294030	0	428194	206108	0	0	0	0	0	0	0	0	0	3	0	0	0	0	0	0	0	0	0	0	0	0	0	0	0	0	4	0	0	0	0	0	117	0	0	3	0	0	0	0	0	0	255	255	255	255	255	255	255	255	255	255	0	0	0	0	0	0	0	10000	255	255	0	0	0	0	0	0	10000	80	-1	-1	1	571708800	7	-1	-1	-1	0	26	1	0	0	http://www.0476com.com/forum.php?mod=viewthread&tid=402954
0	"������ �г���Ϊһ��˫�н�	2111009	76	265206	0	395451	184012	0	0	0	0	0	0	0	0	0	4	0	0	0	0	0	0	0	0	0	0	0	0	0	0	0	0	4	0	0	24	27	0	170	0	0	3	0	0	0	0	0	0	255	255	255	255	255	255	255	255	255	255	0	0	0	0	0	0	0	10000	255	255	0	0	0	0	0	0	550	80	-1	-1	1	351907200	7	-1	-1	-1	0	26	1	0	7	http://www.ccmedu.com/bbs51_12445.html
0	"������ �г���Ϊһ��˫�н�	1495559	61	310236	0	431821	204634	0	0	0	0	0	0	0	0	0	2	0	0	0	0	0	0	0	0	0	0	1	0	0	0	0	0	5	0	0	40	44	0	124	0	0	3	0	0	0	0	0	0	255	255	255	255	255	255	255	255	255	255	0	0	0	0	0	0	0	10000	255	255	0	0	0	0	0	0	10000	80	-1	-1	1	565747200	7	-1	-1	-1	0	26	1	0	0	http://www.ce.cn/culture/gd/201212/05/t20121205_23910010.shtml
0	"������ �г���Ϊһ��˫�н�	1529483	287	287958	0	434249	220871	0	0	0	0	0	0	0	0	0	3	0	0	0	0	0	0	0	0	0	0	1	0	0	0	0	0	5	0	0	63	69	0	219	0	0	3	0	0	0	0	0	0	255	255	255	255	255	255	255	255	255	255	0	0	0	0	0	0	0	10000	48	48	0	0	1	0	0	0	10000	80	-1	-1	1	525052800	7	-1	-1	-1	0	26	1	0	1	http://www.chinadaily.com.cn/dfpd/gz/bwzg/2011-08/22/content_13160336.htm
0	"������ �г���Ϊһ��˫�н�	1442567	72	333173	0	387242	183029	0	0	0	0	0	0	0	0	0	2	0	0	0	0	0	0	0	0	0	0	1	0	0	0	0	0	3	0	0	0	0	0	129	0	0	3	0	0	0	0	0	0	255	255	255	255	255	255	255	255	255	255	0	0	0	0	0	0	0	10000	255	255	0	0	0	0	0	0	10000	80	-1	-1	1	569808000	7	-1	-1	-1	0	26	1	0	0	http://www.cnqikuaiji.com/ns.aspx?nID=179
0	"������ �г���Ϊһ��˫�н�	44056	142	340833	0	438662	221423	0	0	0	0	0	0	0	0	0	3	0	0	0	0	0	0	0	0	0	0	0	0	0	0	0	0	5	0	0	41	45	0	129	0	0	2	0	0	0	0	0	0	255	255	255	255	255	255	255	255	255	255	0	0	0	0	0	0	0	10000	255	255	0	0	0	0	0	0	10000	80	-1	-1	1	514080000	7	-1	-1	-1	0	26	1	0	1	http://www.doc88.com/p-69434066672.html
0	"������ �г���Ϊһ��˫�н�	1748003	157	324617	0	447481	204704	0	0	0	0	0	0	0	0	0	1	0	0	0	0	0	0	0	0	0	0	0	0	0	0	0	0	4	0	0	25	27	0	127	0	0	3	0	0	0	0	0	0	255	255	255	255	255	255	255	255	255	255	0	0	0	0	0	0	0	10000	255	255	0	0	0	0	0	0	10000	80	-1	-1	1	344131200	7	-1	-1	-1	0	26	1	0	7	http://www.k12.com.cn/discuz/thread-231844-1-1.html
0	"������ �г���Ϊһ��˫�н�	1827887	76	313920	0	420830	206604	0	0	0	0	0	1	0	0	0	3	0	0	0	0	0	0	0	0	0	0	1	0	0	0	0	0	5	0	0	23	25	0	25	0	0	3	0	0	0	0	0	0	255	255	255	255	255	255	255	255	255	255	0	0	0	0	0	0	0	10000	255	255	0	0	0	0	0	0	10000	80	-1	-1	1	495849600	7	-1	-1	-1	0	26	1	0	2	http://www.mlr.gov.cn/tdgl/tdkfzl/201009/t20100918_769167.htm
0	"������ �г���Ϊһ��˫�н�	468018	37	350826	0	379735	216425	0	0	0	0	0	0	0	0	0	3	0	0	0	0	0	0	0	0	0	0	1	0	0	0	0	0	3	0	0	0	0	0	130	0	0	3	0	0	0	0	0	0	255	255	255	255	255	255	255	255	255	255	0	0	0	0	0	0	0	10000	255	255	0	0	0	0	0	0	10000	80	-1	-1	0	570499200	7	-1	-1	-1	0	26	1	0	0	http://www.pmj001.com/cn/news_detail.asp?id=225
0	"������ �г���Ϊһ��˫�н�	1053719	143	310131	74	468156	179502	0	0	0	0	0	0	0	0	0	4	0	0	1	0	0	0	0	0	0	0	0	0	0	0	0	0	6	0	0	88	97	0	134	0	0	1	0	0	0	0	0	0	255	255	255	255	255	255	255	255	255	255	0	0	0	0	0	0	0	10000	255	255	1302	28	0	0	0	0	10000	316	-1	-1	1	469929600	7	-1	-1	-1	0	26	1	0	3	http://zhidao.baidu.com/question/126448082.html
2	"���������������������,���¹������������¹���"����дһд�������ע������,��	992180	347	411347	94	497906	264416	0	0	0	0	0	0	0	0	0	2	0	0	0	0	0	0	0	0	0	0	0	0	0	0	0	0	4	0	0	0	0	0	206	0	0	1	0	0	0	0	0	0	255	255	255	255	255	255	255	255	255	255	0	0	0	0	0	0	0	10000	255	255	1179	48	0	0	0	0	10000	80	-1	-1	1	354672000	23	-1	-1	-1	0	139	0	0	7	http://bbs.seedit.com/thread-613683-1-1.html
1	"���������������������,���¹������������¹���"����дһд�������ע������,��	2046886	326	416462	0	481590	268468	0	0	0	0	0	0	0	0	0	3	1	0	0	0	0	0	0	0	0	0	0	0	0	0	0	0	0	0	0	0	0	0	298	0	0	1	0	0	0	0	0	0	255	255	255	255	255	255	255	255	255	255	0	0	0	0	0	0	0	10000	255	255	0	0	0	0	0	0	10000	80	-1	-1	1	395798400	23	-1	-1	-1	0	139	0	0	6	http://blog.163.com/lzjl_xj/blog/static/24351852007618105242519/
1	"���������������������,���¹������������¹���"����дһд�������ע������,��	1863606	344	379441	0	473691	221227	0	0	0	0	0	0	0	0	0	3	1	0	0	0	0	0	0	0	0	0	0	0	0	0	0	0	0	0	0	0	0	0	205	0	0	1	0	0	0	0	0	0	255	255	255	255	255	255	255	255	255	255	0	0	0	0	0	0	0	10000	255	255	0	0	0	0	0	0	10000	80	-1	-1	1	537235200	23	-1	-1	-1	0	139	0	0	2	http://blog.163.com/wxyysy200604/blog/static/16983277920120102155994/
1	"���������������������,���¹������������¹���"����дһд�������ע������,��	6785	371	427803	0	474975	262269	0	0	0	0	0	0	0	0	0	3	0	0	0	0	0	0	0	0	0	0	0	0	0	0	0	0	2	0	0	0	0	0	353	0	0	3	0	0	0	0	0	0	255	255	255	255	255	255	255	255	255	255	0	0	0	0	0	0	0	10000	255	255	0	0	0	0	0	0	10000	80	-1	-1	1	372297600	23	-1	-1	-1	0	139	0	0	7	http://charlycy.blog.hexun.com/6101695_d.html
1	"���������������������,���¹������������¹���"����дһд�������ע������,��	830420	400	387762	114	525714	224468	0	0	0	0	0	0	0	0	0	3	0	0	0	0	0	0	0	0	0	0	0	0	0	0	0	0	5	292	0	0	0	0	187	0	0	1	0	0	0	0	0	0	255	255	255	255	255	255	255	255	255	255	0	0	0	0	0	0	0	10000	255	255	2116	79	0	1	0	0	10000	80	-1	-1	1	334800000	23	-1	-1	-1	0	139	0	0	8	http://iask.sina.com.cn/b/2077547.html
0	"���������������������,���¹������������¹���"����дһд�������ע������,��	285386	442	415156	176	509890	254282	0	0	0	0	0	0	0	0	0	3	0	0	0	0	0	0	0	0	0	0	0	0	0	0	0	0	5	292	0	0	0	0	414	0	0	1	0	0	0	0	0	0	255	255	255	255	255	255	255	255	255	255	0	0	0	0	0	0	0	10000	255	255	1766	118	0	1	0	0	10000	63	-1	-1	1	316569600	23	-1	-1	-1	0	139	0	0	8	http://iask.sina.com.cn/b/553624.html
0	"���������������������,���¹������������¹���"����дһд�������ע������,��	2120311	349	437808	0	498207	261602	0	0	0	0	0	0	0	0	0	4	0	0	0	0	0	0	0	0	0	0	0	0	0	0	0	0	4	0	0	0	0	0	422	0	0	3	0	0	0	0	0	0	255	255	255	255	255	255	255	255	255	255	0	0	0	0	0	0	0	10000	255	255	0	0	0	0	0	0	585	80	-1	-1	0	603072000	23	-1	-1	-1	0	139	0	0	-1	http://new.060s.com/center/stalnn/all/t-%253DQM0YnrwKLsyCrswPzOzCrs%252B5KsySz7rjqvtrjc%252BJnfy5nc6KHst5ns6TnfynfrNiNTZ_349171.html
1	"���������������������,���¹������������¹���"����дһд�������ע������,��	339570	408	437123	0	498894	268084	0	0	0	0	0	0	0	0	0	4	0	0	0	0	0	0	0	0	0	0	0	0	0	0	0	0	4	0	0	0	0	0	454	0	0	3	0	0	0	0	0	0	255	255	255	255	255	255	255	255	255	255	0	0	0	0	0	0	0	10000	255	255	0	0	0	0	0	0	585	103	-1	-1	0	603072000	23	-1	-1	-1	0	139	0	0	-1	http://new.060s.com/center/stalnn/all/t-%253DQM0YnrwKLsyCrswPzOzCrs%252B5KsySz7rjqvtrjc%252BJnfy5nc6KHst5ns6TnfynfrNiNTZ_513249.html
0	"���������������������,���¹������������¹���"����дһд�������ע������,��	885812	391	429764	0	507016	267528	0	0	0	0	0	0	0	0	0	2	0	0	0	0	0	0	0	0	0	0	0	0	0	0	0	0	4	0	0	0	0	0	263	0	0	1	0	0	0	0	0	0	255	255	255	255	255	255	255	255	255	255	0	0	0	0	0	0	0	10000	255	255	0	0	0	0	0	0	10000	80	-1	-1	1	560390400	23	-1	-1	-1	0	139	0	0	1	http://sobar.soso.com/t/69363179
1	"���������������������,���¹������������¹���"����дһд�������ע������,��	1660318	390	423683	0	479779	259861	0	0	0	0	0	0	0	0	0	3	0	0	0	0	0	0	0	0	0	0	0	0	0	0	0	0	3	0	0	0	0	0	165	0	0	3	0	0	0	0	0	0	255	255	255	255	255	255	255	255	255	255	0	0	0	0	0	0	0	10000	255	255	0	0	0	0	0	0	464	80	-1	-1	1	544233600	23	-1	-1	-1	0	139	0	0	1	http://space.qxxjy.cn/?741/viewspace-21048
1	"���������������������,���¹������������¹���"����дһд�������ע������,��	770834	380	381513	57	514610	259592	0	0	0	0	0	0	0	0	0	3	0	0	0	0	0	0	0	0	0	0	0	0	0	0	0	0	6	0	0	0	0	0	211	0	0	1	0	0	0	0	0	0	255	255	255	255	255	255	255	255	255	255	0	0	0	0	0	0	0	10000	255	255	117	0	0	0	0	0	10000	80	-1	-1	1	519264000	23	-1	-1	-1	0	139	0	0	2	http://tieba.baidu.com/p/1110692175
0	"���������������������,���¹������������¹���"����дһд�������ע������,��	1382021	431	433524	167	492615	347648	0	46	0	0	0	0	0	0	0	4	0	0	0	0	0	0	0	0	0	0	0	0	0	0	0	0	0	313	0	0	0	0	369	0	0	0	0	0	0	0	0	0	197	133	140	108	255	255	255	255	255	255	0	0	0	0	0	0	0	10000	255	255	3011	275	0	0	0	0	10000	45	-1	-1	0	468720000	23	-1	-1	-1	0	139	0	0	4	http://wenda.tianya.cn/question/0de46b9018a1da11
0	"���������������������,���¹������������¹���"����дһд�������ע������,��	1956991	284	315736	24	515611	196496	0	0	0	0	0	0	0	0	0	1	0	0	0	0	1	0	0	0	0	0	0	0	0	0	0	0	5	0	0	0	0	0	117	0	0	1	0	0	0	0	0	0	255	255	255	255	255	255	255	255	255	255	0	0	0	0	0	0	0	10000	255	255	187	1	0	0	0	0	10000	87	-1	-1	0	593308800	23	-1	-1	-1	0	139	0	0	0	http://wenwen.soso.com/z/q403480203.htm
1	"���������������������,���¹������������¹���"����дһд�������ע������,��	914938	528	553161	214	538218	237095	0	0	0	0	0	0	0	0	0	1	0	0	0	0	1	0	0	0	0	0	0	0	0	0	0	0	5	0	0	0	0	0	2705	0	0	1	0	0	0	0	0	0	255	255	255	255	255	255	255	255	255	255	0	0	0	0	0	0	0	10000	255	255	5084	273	0	0	0	0	10000	80	-1	-1	0	582163200	23	-1	-1	-1	0	139	0	0	0	http://wenwen.soso.com/z/q447584490.htm
1	"���������������������,���¹������������¹���"����дһд�������ע������,��	2280723	295	336206	0	464293	216862	0	0	0	0	0	0	0	0	0	3	0	0	0	0	0	0	0	0	0	0	0	0	0	0	0	0	4	0	0	0	0	0	151	0	0	3	0	0	0	0	0	0	255	255	255	255	255	255	255	255	255	255	0	0	0	0	0	0	0	10000	255	255	0	0	0	0	0	0	1090	80	-1	-1	0	603936000	23	-1	-1	-1	0	139	0	0	-1	http://www.chinadmd.com/file/use3uaosscwevset6zaitpwx_1.html
1	"���������������������,���¹������������¹���"����дһд�������ע������,��	2005708	320	378688	0	471110	199271	0	0	0	0	0	0	0	0	0	4	0	0	0	0	0	0	0	0	0	0	0	0	0	0	0	0	5	0	0	0	0	0	336	0	0	2	0	0	0	0	0	0	255	255	255	255	255	255	255	255	255	255	0	0	0	0	0	0	0	10000	255	255	0	0	0	0	0	0	10000	80	-1	-1	1	564710400	23	-1	-1	-1	0	139	0	0	1	http://www.doc88.com/p-330760587105.html
1	"���������������������,���¹������������¹���"����дһд�������ע������,��	2060751	314	351568	0	494196	223878	0	0	0	0	0	0	0	0	0	4	0	0	0	0	0	0	0	0	0	0	0	0	0	0	0	0	5	0	0	0	0	0	218	0	0	1	0	0	0	0	0	0	255	255	255	255	255	255	255	255	255	255	0	0	0	0	0	0	0	10000	255	255	0	0	0	0	0	0	10000	80	-1	-1	1	558662400	23	-1	-1	-1	0	139	0	0	1	http://www.docin.com/p-480877549.html
1	"���������������������,���¹������������¹���"����дһд�������ע������,��	996744	364	426903	0	473341	227961	0	0	0	0	0	0	0	0	0	2	0	0	0	0	0	0	0	0	0	0	0	0	0	0	0	0	4	0	0	0	0	0	277	0	0	3	0	0	0	0	0	0	255	255	255	255	255	255	255	255	255	255	0	0	0	0	0	0	0	10000	255	255	0	0	0	0	0	0	10000	80	-1	-1	1	543974400	23	-1	-1	-1	0	139	0	0	1	http://www.jy391.com/thread-400341-1-1.html
0	"���������������������,���¹������������¹���"����дһд�������ע������,��	798419	531	487257	105	523283	249798	0	0	0	0	0	0	0	0	0	4	0	0	0	0	0	0	0	0	0	0	0	0	0	0	0	0	4	0	0	0	0	0	975	0	0	3	0	0	0	0	0	0	255	255	255	255	255	255	255	255	255	255	0	0	0	0	0	0	0	10000	255	255	4713	0	0	0	0	0	10000	80	-1	-1	1	603936000	23	-1	-1	-1	0	139	0	0	-1	http://www.mofangge.com/html/qDetail/01/c3/201201/dvk7c30183562.html
1	"���������������������,���¹������������¹���"����дһд�������ע������,��	1804305	327	393938	72	496167	240420	0	0	0	0	0	0	0	0	0	3	0	0	0	0	0	0	0	0	0	0	1	0	0	0	0	0	4	0	0	0	0	0	227	0	0	3	0	0	0	0	0	0	255	255	255	255	255	255	255	255	255	255	0	0	0	0	0	0	0	10000	255	255	456	0	0	0	0	0	10000	139	-1	-1	0	582768000	23	-1	-1	-1	0	139	0	0	0	http://www.mofangge.com/html/qDetail/08/c3/201201/2nkuc30832673.html
1	"���������������������,���¹������������¹���"����дһд�������ע������,��	1812961	169	252057	0	467161	200869	0	0	0	0	0	0	0	0	0	4	0	0	0	0	0	0	0	0	0	0	0	0	0	0	0	0	5	0	0	0	0	0	158	0	0	3	0	0	0	0	0	0	255	255	255	255	255	255	255	255	255	255	0	0	0	0	0	0	0	10000	255	255	0	0	0	1	0	0	10000	80	-1	-1	1	494380800	23	-1	-1	-1	0	139	0	0	3	http://www.pep.com.cn/xiaoyu/jiaoshi/tbjx/tb10/tb10_8/3_1_1/201009/t20100901_851139.htm
1	"���������������������,���¹������������¹���"����дһд�������ע������,��	930756	338	406294	78	491660	240592	0	0	0	0	0	0	0	0	0	3	0	0	0	0	0	0	0	0	0	0	1	0	0	0	0	0	5	0	0	0	0	0	171	0	0	3	0	0	0	0	0	0	255	255	255	255	255	255	255	255	255	255	0	0	0	0	0	0	0	10000	255	255	0	0	0	0	0	0	10000	80	-1	-1	1	353030400	23	-1	-1	-1	0	139	0	0	7	http://www.shfu.edu.cn/news/news_detail.asp?ID=2132
1	"���������������������,���¹������������¹���"����дһд�������ע������,��	1193429	338	392490	0	472316	239501	0	0	0	0	0	0	0	0	0	2	0	0	0	0	0	0	0	0	0	0	0	0	0	0	0	0	4	0	0	0	0	0	174	0	0	3	0	0	0	0	0	0	255	255	255	255	255	255	255	255	255	255	0	0	0	0	0	0	0	10000	255	255	0	0	0	0	0	0	10000	80	-1	-1	1	454032000	23	-1	-1	-1	0	139	0	0	4	http://www.shqgy.com.cn/xygk/zzjg/jjglx/bmxx/10729.shtml
1	"���������������������,���¹������������¹���"����дһд�������ע������,��	2315001	400	386245	0	466629	219773	0	0	0	0	0	0	0	0	0	5	0	0	0	0	0	0	0	0	0	0	0	0	0	0	0	1	3	0	0	0	0	0	215	0	0	3	0	0	0	0	0	0	255	255	255	255	255	255	255	255	255	255	0	0	0	0	0	0	0	10000	255	255	0	0	0	0	0	0	694	80	-1	-1	0	589334400	23	-1	-1	-1	0	139	0	0	0	http://www.wenhuaqiang.net/goods-2711.html
0	"���������������������,���¹������������¹���"����дһд�������ע������,��	1964973	312	352922	0	467149	239978	0	0	0	0	0	0	0	0	0	3	0	0	0	0	0	0	0	0	0	0	0	0	0	0	0	0	4	0	0	0	0	0	285	0	0	3	0	0	0	0	0	0	255	255	255	255	255	255	255	255	255	255	0	0	0	0	0	0	0	10000	255	255	0	0	0	0	0	0	501	84	-1	-1	1	526521600	23	-1	-1	-1	0	139	0	0	2	http://www.wordwendang.com/word_jiaoyu/0908/768747_3.html
1	"���������������������,���¹������������¹���"����дһд�������ע������,��	988936	543	476542	81	561255	255448	0	0	0	0	0	0	0	0	0	3	0	0	1	0	0	0	0	0	0	0	0	0	0	0	0	0	6	373	0	0	0	0	583	0	0	1	0	0	0	0	0	0	255	255	255	255	255	255	255	255	255	255	0	0	0	0	0	0	0	10000	255	255	5339	328	0	0	0	0	10000	80	-1	-1	1	547344000	23	-1	-1	-1	0	139	0	0	1	http://zhidao.baidu.com/question/420020069.html
1	"���������������������,���¹������������¹���"����дһд�������ע������,��	1808279	734	608592	162	562962	235113	0	0	0	0	0	0	0	0	0	1	0	0	1	0	0	0	0	0	0	0	0	0	0	0	0	0	6	373	0	0	0	0	3927	0	0	1	0	0	0	0	0	0	255	255	255	255	255	255	255	255	255	255	0	0	0	0	0	0	0	10000	255	255	5736	393	1	0	0	0	10000	80	-1	-1	1	551750400	23	-1	-1	-1	0	139	0	0	1	http://zhidao.baidu.com/question/443506081.html
1	"���������������������,���¹������������¹���"����дһд�������ע������,��	1125444	483	482193	52	545890	173595	0	0	0	0	0	0	0	0	0	1	0	0	1	0	0	0	0	0	0	0	0	0	0	0	0	0	6	373	0	0	0	0	787	0	0	1	0	0	0	0	0	0	255	255	255	255	255	255	255	255	255	255	0	0	0	0	0	0	0	10000	255	255	3424	64	0	0	0	0	10000	80	-1	-1	1	581558400	23	-1	-1	-1	0	139	0	0	0	http://zhidao.baidu.com/question/556786126.html
0	"����"�����źŵ�����	1230512	115	247453	89	428567	219021	0	0	0	0	0	0	0	0	0	3	0	0	0	0	0	0	0	0	0	0	0	0	0	0	0	0	5	0	0	0	0	0	122	0	0	1	0	0	0	0	0	0	255	255	255	255	255	255	255	255	255	255	0	0	0	0	0	0	0	10000	255	255	251	4	0	0	0	0	10000	107	-1	-1	0	612748800	5	-1	-1	-1	0	14	0	0	-1	http://blog.renren.com/share/221906768/648837558
2	"����"�����źŵ�����	290546	152	346324	122	416507	254437	0	0	0	0	0	0	0	0	0	4	0	0	0	0	0	0	0	0	3	0	0	0	0	0	0	0	0	0	0	0	0	0	122	0	0	1	0	0	0	0	0	0	255	255	255	255	255	255	255	255	255	255	0	0	0	0	0	0	0	10000	255	255	0	0	0	0	0	0	10000	98	-1	-1	1	544147200	5	-1	-1	-1	0	14	0	0	2	http://blog.sina.com.cn/s/blog_6afe12fd010142bf.html
0	"����"�����źŵ�����	2061296	41	307764	0	398076	231846	0	0	0	0	0	0	0	0	0	4	0	0	0	0	0	0	0	0	0	0	1	0	0	0	0	0	4	0	0	0	0	0	117	0	0	3	0	0	0	0	0	0	255	255	255	255	255	255	255	255	255	255	0	0	0	0	0	0	0	10000	255	255	0	0	0	1	0	0	10000	80	-1	-1	0	521078400	5	-1	-1	-1	0	14	0	0	2	http://epaper.gansudaily.com.cn/gsrb/html/2011-07/07/content_86032.htm
2	"����"�����źŵ�����	2074754	208	380359	0	430739	261040	0	0	0	0	0	0	0	0	0	3	0	0	0	0	0	0	0	0	0	0	0	0	0	0	0	0	0	0	0	0	0	0	125	0	0	1	0	0	0	0	0	0	255	255	255	255	255	255	255	255	255	255	0	0	0	0	0	0	0	10000	255	255	0	0	1	0	0	0	10000	600	-1	-1	1	546220800	5	-1	-1	-1	0	14	0	0	2	http://hi.baidu.com/1088425/item/8963ee96cc6d02b282d29548
3	"����"�����źŵ�����	445350	191	344521	94	503125	236619	0	0	0	0	0	0	0	0	0	5	0	0	0	0	0	0	0	0	0	0	1	0	0	0	0	0	4	0	0	0	0	0	122	0	0	3	0	0	0	0	0	0	255	255	255	255	255	255	255	255	255	255	0	0	0	0	0	0	0	10000	255	255	168	0	0	1	0	0	574	80	-1	-1	1	579657600	5	-1	-1	-1	0	14	0	0	0	http://news.52fuqing.com/NewsShow-225925.html
1	"����"�����źŵ�����	1695049	128	346949	0	431242	220688	0	0	0	0	0	0	0	0	0	2	0	0	0	0	0	0	0	0	0	0	0	0	0	0	0	0	4	0	0	0	0	0	120	0	0	3	0	0	0	0	0	0	255	255	255	255	255	255	255	255	255	255	0	0	0	0	0	0	0	10000	255	255	0	0	0	0	0	0	1200	80	-1	-1	0	533001600	5	-1	-1	-1	0	14	0	0	2	http://tool.xdf.cn/youlai/shijiemingchengya.html
0	"����"�����źŵ�����	2291626	62	326833	0	398014	202001	0	0	0	0	0	0	0	0	0	1	0	0	0	0	0	0	0	0	0	0	0	0	0	0	0	0	4	0	0	0	0	0	115	0	0	3	0	0	0	0	0	0	255	255	255	255	255	255	255	255	255	255	0	0	0	0	0	0	0	10000	255	255	0	0	0	0	0	0	1200	80	-1	-1	0	578966400	5	-1	-1	-1	0	14	0	0	0	http://wenda.so.com/q/1367961891064447
0	"����"�����źŵ�����	2200065	110	300936	0	440750	208073	0	0	0	0	0	0	0	0	0	3	0	0	0	0	1	0	0	0	0	0	0	0	0	0	0	0	5	0	0	0	0	0	125	0	0	1	0	0	0	0	0	0	255	255	255	255	255	255	255	255	255	255	0	0	0	0	0	0	0	10000	255	255	0	0	0	0	0	0	10000	80	-1	-1	0	419385600	5	-1	-1	-1	0	14	0	0	6	http://wenwen.soso.com/z/q59048726.htm
0	"����"�����źŵ�����	1553264	73	310880	0	421887	215573	0	0	0	0	0	0	0	0	0	3	0	0	0	0	0	0	0	0	0	0	1	0	0	0	0	0	5	0	0	0	0	0	117	0	0	3	0	0	0	0	0	0	255	255	255	255	255	255	255	255	255	255	0	0	0	0	0	0	0	10000	255	255	314	0	0	1	0	0	10000	80	-1	-1	1	436406400	5	-1	-1	-1	0	14	0	0	5	http://www.chinanews.com/hb/news/2008/10-30/1431824.shtml
1	"����"�����źŵ�����	1857600	109	326990	0	415941	226125	0	0	0	0	0	0	0	0	0	2	0	0	0	0	0	0	0	0	0	0	0	0	0	0	0	0	5	0	0	0	0	0	115	0	0	3	0	0	0	0	0	0	255	255	255	255	255	255	255	255	255	255	0	0	0	0	0	0	0	10000	255	255	0	0	0	0	0	0	1336	80	-1	-1	0	566524800	5	-1	-1	-1	0	14	0	0	1	http://www.cnki.com.cn/Article/CJFDTotal-DJMZ199607027.htm
2	"����"�����źŵ�����	2177901	89	313005	0	400860	235059	0	0	0	0	0	0	0	0	0	3	0	0	0	0	0	0	0	0	0	0	0	0	0	0	0	0	3	0	0	0	0	0	117	0	0	3	0	0	0	0	0	0	255	255	255	255	255	255	255	255	255	255	0	0	0	0	0	0	0	10000	255	255	0	0	0	0	0	0	10000	80	-1	-1	1	548640000	5	-1	-1	-1	0	14	0	0	1	http://www.dgzxxx.zje.net.cn/column.asp?seekstr=&seektype=&tid=7&lid=7&showid=20272
2	"����"�����źŵ�����	1165216	136	322935	44	441744	266854	0	0	0	0	0	0	0	0	0	3	0	0	1	0	0	0	0	0	0	0	0	0	0	0	0	0	6	0	0	0	0	0	129	0	0	1	0	0	0	0	0	0	255	255	255	255	255	255	255	255	255	255	0	0	0	0	0	0	0	10000	255	255	0	0	0	0	0	0	10000	262	-1	-1	1	483580800	5	-1	-1	-1	0	14	0	0	4	http://zhidao.baidu.com/question/149488168.html
3	"����"�����źŵ�����	1064794	191	368543	141	469537	243982	0	0	0	0	0	0	0	0	0	4	0	0	1	0	0	0	0	0	0	0	0	0	0	0	0	0	6	0	0	0	0	0	120	0	0	1	0	0	0	0	0	0	255	255	255	255	255	255	255	255	255	255	0	0	0	0	0	0	0	10000	255	255	1784	66	0	0	0	0	10000	186	-1	-1	1	483321600	5	-1	-1	-1	0	14	0	0	4	http://zhidao.baidu.com/question/149563414.html
2	"����"�����źŵ�����	1024495	348	391472	270	557232	239350	0	0	0	0	0	0	0	0	0	3	0	0	1	0	0	0	0	0	0	0	0	0	0	0	0	0	6	0	0	0	0	0	123	0	0	1	0	0	0	0	0	0	255	255	255	255	255	255	255	255	255	255	0	0	0	0	0	0	0	10000	255	255	338	5	0	0	0	0	10000	211	-1	-1	1	483753600	5	-1	-1	-1	0	14	0	0	3	http://zhidao.baidu.com/question/150395310.html
2	"����"�����źŵ�����	1112051	309	379419	114	553629	239512	0	0	0	0	0	0	0	0	0	4	0	0	1	0	0	0	0	0	0	0	0	0	0	0	0	0	6	0	0	0	0	0	122	0	0	1	0	0	0	0	0	0	255	255	255	255	255	255	255	255	255	255	0	0	0	0	0	0	0	10000	255	255	278	1	0	0	0	0	10000	346	-1	-1	1	485049600	5	-1	-1	-1	0	14	0	0	3	http://zhidao.baidu.com/question/151069095.html
2	"����"�����źŵ�����	716079	211	340492	137	457302	246788	0	0	0	0	0	0	0	0	0	2	0	0	1	0	0	0	0	0	0	0	0	0	0	0	0	0	6	0	0	0	0	0	120	0	0	1	0	0	0	0	0	0	255	255	255	255	255	255	255	255	255	255	0	0	0	0	0	0	0	10000	255	255	931	31	0	0	0	0	10000	143	-1	-1	1	388108800	5	-1	-1	-1	0	14	0	0	7	http://zhidao.baidu.com/question/24675911.html
2	"����"�����źŵ�����	1062827	222	372793	98	460170	242752	0	0	0	0	0	0	0	0	0	3	0	0	1	0	0	0	0	0	0	0	0	0	0	0	0	0	6	0	0	0	0	0	127	0	0	1	0	0	0	0	0	0	255	255	255	255	255	255	255	255	255	255	0	0	0	0	0	0	0	10000	45	45	671	18	2	0	0	0	10000	315	-1	-1	1	514684800	5	-1	-1	-1	0	14	0	0	3	http://zhidao.baidu.com/question/257029644.html
1	"����"�����źŵ�����	1631383	130	338783	0	450554	236740	0	0	0	0	0	0	0	0	0	3	0	0	1	0	0	0	0	0	0	0	0	0	0	0	0	0	6	0	0	0	0	0	120	0	0	1	0	0	0	0	0	0	255	255	255	255	255	255	255	255	255	255	0	0	0	0	0	0	0	10000	255	255	0	0	0	0	0	0	10000	80	-1	-1	1	421804800	5	-1	-1	-1	0	14	0	0	5	http://zhidao.baidu.com/question/53341617.html
0	"����"�����źŵ�����	412143	274	340228	0	494164	235584	0	0	0	0	0	0	0	0	0	3	0	0	1	0	0	0	0	0	0	0	0	0	0	0	0	0	6	0	0	0	0	0	115	0	0	1	0	0	0	0	0	0	255	255	255	255	255	255	255	255	255	255	0	0	0	0	0	0	0	10000	255	255	0	0	0	0	0	0	10000	80	-1	-1	1	356832000	5	-1	-1	-1	0	14	0	0	8	http://zhidao.baidu.com/question/6399168.html